comparison,dataset,model,method,attack,scope,rank,metric,seed_count,mean_delta_pp,sample_std_pp,positive_seeds
rpcf_minus_madry,thubenchmark,eegnet,rpcf_at,autoattack,full_test,raw,clean,5,0.07374710183698951,0.13934478294609304,3
rpcf_minus_madry,thubenchmark,eegnet,rpcf_at,autoattack,full_test,raw,robust,5,0.14633493846976986,0.20047165940986217,2
rpcf_minus_madry,thubenchmark,eegnet,rpcf_at,fgsm,full_test,raw,clean,5,0.07374710183698951,0.13934478294609304,3
rpcf_minus_madry,thubenchmark,eegnet,rpcf_at,fgsm,full_test,raw,robust,5,0.15097199928660654,0.4160134626291627,2
rpcf_minus_madry,thubenchmark,eegnet,rpcf_at,pgd,full_test,raw,clean,5,0.07374710183698951,0.13934478294609304,3
rpcf_minus_madry,thubenchmark,eegnet,rpcf_at,pgd,full_test,raw,robust,5,-0.0667915106117345,0.4873037441171034,2
rpcf_minus_madry,thubenchmark,eegnet,rpcf_at,cw,full_test,raw,clean,5,0.07374710183698951,0.13934478294609304,3
rpcf_minus_madry,thubenchmark,eegnet,rpcf_at,cw,full_test,raw,robust,5,0.0,0.0,0
rpcf_minus_madry,thubenchmark,deepconvnet,rpcf_at,autoattack,full_test,raw,clean,5,0.5545746388443007,0.35757043717982073,5
rpcf_minus_madry,thubenchmark,deepconvnet,rpcf_at,autoattack,full_test,raw,robust,5,1.101569466738006,1.5202749608694452,4
rpcf_minus_madry,thubenchmark,deepconvnet,rpcf_at,fgsm,full_test,raw,clean,5,0.5545746388443007,0.35757043717982073,5
rpcf_minus_madry,thubenchmark,deepconvnet,rpcf_at,fgsm,full_test,raw,robust,5,1.005172106295702,1.742415733069655,4
rpcf_minus_madry,thubenchmark,deepconvnet,rpcf_at,pgd,full_test,raw,clean,5,0.5545746388443007,0.35757043717982073,5
rpcf_minus_madry,thubenchmark,deepconvnet,rpcf_at,pgd,full_test,raw,robust,5,0.902978419832352,1.2812792926639258,4
rpcf_minus_madry,thubenchmark,deepconvnet,rpcf_at,cw,full_test,raw,clean,5,0.5545746388443007,0.35757043717982073,5
rpcf_minus_madry,thubenchmark,deepconvnet,rpcf_at,cw,full_test,raw,robust,5,0.0,0.0,0
rpcf_minus_madry,thubenchmark,tsception,rpcf_at,autoattack,full_test,raw,clean,5,-0.3809523809523796,2.226222306877098,2
rpcf_minus_madry,thubenchmark,tsception,rpcf_at,autoattack,full_test,raw,robust,5,-1.9917959693240561,1.4551879609054204,0
rpcf_minus_madry,thubenchmark,tsception,rpcf_at,fgsm,full_test,raw,clean,5,-0.3809523809523796,2.226222306877098,2
rpcf_minus_madry,thubenchmark,tsception,rpcf_at,fgsm,full_test,raw,robust,5,-2.772873194221509,1.3470756168588969,0
rpcf_minus_madry,thubenchmark,tsception,rpcf_at,pgd,full_test,raw,clean,5,-0.3809523809523796,2.226222306877098,2
rpcf_minus_madry,thubenchmark,tsception,rpcf_at,pgd,full_test,raw,robust,5,-3.4830568931692527,1.7048005194899667,0
rpcf_minus_madry,thubenchmark,tsception,rpcf_at,cw,full_test,raw,clean,5,-0.3809523809523796,2.226222306877098,2
rpcf_minus_madry,thubenchmark,tsception,rpcf_at,cw,full_test,raw,robust,5,0.21196718387729624,0.3343291933543477,4
rpcf_minus_madry,thubenchmark,atcnet,rpcf_at,autoattack,full_test,raw,clean,5,0.45817727840200106,0.3641752201085978,4
rpcf_minus_madry,thubenchmark,atcnet,rpcf_at,autoattack,full_test,raw,robust,5,0.19395398608881953,0.569770838598783,3
rpcf_minus_madry,thubenchmark,atcnet,rpcf_at,fgsm,full_test,raw,clean,5,0.45817727840200106,0.3641752201085978,4
rpcf_minus_madry,thubenchmark,atcnet,rpcf_at,fgsm,full_test,raw,robust,5,0.18236133404673005,0.8891890945382106,3
rpcf_minus_madry,thubenchmark,atcnet,rpcf_at,pgd,full_test,raw,clean,5,0.45817727840200106,0.3641752201085978,4
rpcf_minus_madry,thubenchmark,atcnet,rpcf_at,pgd,full_test,raw,robust,5,-0.17014446227929136,0.7753749830751937,1
rpcf_minus_madry,thubenchmark,atcnet,rpcf_at,cw,full_test,raw,clean,5,0.45817727840200106,0.3641752201085978,4
rpcf_minus_madry,thubenchmark,atcnet,rpcf_at,cw,full_test,raw,robust,5,0.02380952380952381,0.053239713749995,1
rpcf_minus_madry,thubenchmark,conformer,rpcf_at,autoattack,full_test,raw,clean,5,-0.5557339040485099,0.554974169484236,1
rpcf_minus_madry,thubenchmark,conformer,rpcf_at,autoattack,full_test,raw,robust,5,-1.2589620117709988,2.9421480548048224,1
rpcf_minus_madry,thubenchmark,conformer,rpcf_at,fgsm,full_test,raw,clean,5,-0.5557339040485099,0.554974169484236,1
rpcf_minus_madry,thubenchmark,conformer,rpcf_at,fgsm,full_test,raw,robust,5,-1.9813625824861747,2.6628650927224475,1
rpcf_minus_madry,thubenchmark,conformer,rpcf_at,pgd,full_test,raw,clean,5,-0.5557339040485099,0.554974169484236,1
rpcf_minus_madry,thubenchmark,conformer,rpcf_at,pgd,full_test,raw,robust,5,-1.422150882825044,2.416330077942914,1
rpcf_minus_madry,thubenchmark,conformer,rpcf_at,cw,full_test,raw,clean,5,-0.5557339040485099,0.554974169484236,1
rpcf_minus_madry,thubenchmark,conformer,rpcf_at,cw,full_test,raw,robust,5,0.0,0.0,0
rpcf_minus_madry,thubenchmark,tcnet,rpcf_at,autoattack,full_test,raw,clean,5,0.43374353486713035,1.829783190858345,3
rpcf_minus_madry,thubenchmark,tcnet,rpcf_at,autoattack,full_test,raw,robust,5,0.3629391831639006,1.0292993652501834,3
rpcf_minus_madry,thubenchmark,tcnet,rpcf_at,fgsm,full_test,raw,clean,5,0.43374353486713035,1.829783190858345,3
rpcf_minus_madry,thubenchmark,tcnet,rpcf_at,fgsm,full_test,raw,robust,5,0.46165507401462413,1.2516900231774561,3
rpcf_minus_madry,thubenchmark,tcnet,rpcf_at,pgd,full_test,raw,clean,5,0.43374353486713035,1.829783190858345,3
rpcf_minus_madry,thubenchmark,tcnet,rpcf_at,pgd,full_test,raw,robust,5,-0.382111646156591,0.94601230793429,2
rpcf_minus_madry,thubenchmark,tcnet,rpcf_at,cw,full_test,raw,clean,5,0.43374353486713035,1.829783190858345,3
rpcf_minus_madry,thubenchmark,tcnet,rpcf_at,cw,full_test,raw,robust,5,0.12020688425182809,0.612840609704599,3
rpcf_minus_madry,seediv,eegnet,rpcf_at,autoattack,full_test,raw,clean,5,1.933598937583001,1.0833593297597681,5
rpcf_minus_madry,seediv,eegnet,rpcf_at,autoattack,full_test,raw,robust,5,3.2881806108897753,3.6838361514061955,4
rpcf_minus_madry,seediv,eegnet,rpcf_at,fgsm,full_test,raw,clean,5,1.933598937583001,1.0833593297597681,5
rpcf_minus_madry,seediv,eegnet,rpcf_at,fgsm,full_test,raw,robust,5,2.608233731739709,2.949905592161956,4
rpcf_minus_madry,seediv,eegnet,rpcf_at,pgd,full_test,raw,clean,5,1.933598937583001,1.0833593297597681,5
rpcf_minus_madry,seediv,eegnet,rpcf_at,pgd,full_test,raw,robust,5,2.6560424966799467,2.8777947737057605,4
rpcf_minus_madry,seediv,eegnet,rpcf_at,cw,full_test,raw,clean,5,1.933598937583001,1.0833593297597681,5
rpcf_minus_madry,seediv,eegnet,rpcf_at,cw,full_test,raw,robust,5,-2.863213811420983,3.5313081369822026,0
rpcf_minus_madry,seediv,deepconvnet,rpcf_at,autoattack,full_test,raw,clean,5,0.3824701195219127,0.5592215322383893,4
rpcf_minus_madry,seediv,deepconvnet,rpcf_at,autoattack,full_test,raw,robust,5,-3.298804780876493,0.9560646239622537,0
rpcf_minus_madry,seediv,deepconvnet,rpcf_at,fgsm,full_test,raw,clean,5,0.3824701195219127,0.5592215322383893,4
rpcf_minus_madry,seediv,deepconvnet,rpcf_at,fgsm,full_test,raw,robust,5,-2.7729083665338643,0.9779864422754275,0
rpcf_minus_madry,seediv,deepconvnet,rpcf_at,pgd,full_test,raw,clean,5,0.3824701195219127,0.5592215322383893,4
rpcf_minus_madry,seediv,deepconvnet,rpcf_at,pgd,full_test,raw,robust,5,-3.102257636122178,0.8837879136503768,0
rpcf_minus_madry,seediv,deepconvnet,rpcf_at,cw,full_test,raw,clean,5,0.3824701195219127,0.5592215322383893,4
rpcf_minus_madry,seediv,deepconvnet,rpcf_at,cw,full_test,raw,robust,5,0.058432934926958835,0.11015373892869973,2
rpcf_minus_madry,seediv,tsception,rpcf_at,autoattack,full_test,raw,clean,5,0.41965471447543257,0.8962716919598765,3
rpcf_minus_madry,seediv,tsception,rpcf_at,autoattack,full_test,raw,robust,5,-0.9827357237715806,0.5980520716705295,0
rpcf_minus_madry,seediv,tsception,rpcf_at,fgsm,full_test,raw,clean,5,0.41965471447543257,0.8962716919598765,3
rpcf_minus_madry,seediv,tsception,rpcf_at,fgsm,full_test,raw,robust,5,-0.9455511288180607,0.6599076423770269,0
rpcf_minus_madry,seediv,tsception,rpcf_at,pgd,full_test,raw,clean,5,0.41965471447543257,0.8962716919598765,3
rpcf_minus_madry,seediv,tsception,rpcf_at,pgd,full_test,raw,robust,5,-1.0039840637450204,0.718458267974493,0
rpcf_minus_madry,seediv,tsception,rpcf_at,cw,full_test,raw,clean,5,0.41965471447543257,0.8962716919598765,3
rpcf_minus_madry,seediv,tsception,rpcf_at,cw,full_test,raw,robust,5,-0.042496679946879154,0.08314728203186468,1
rpcf_minus_madry,seediv,atcnet,rpcf_at,autoattack,full_test,raw,clean,5,0.042496679946878446,0.4301641018838913,2
rpcf_minus_madry,seediv,atcnet,rpcf_at,autoattack,full_test,raw,robust,5,-0.7808764940239044,0.2864342037618693,0
rpcf_minus_madry,seediv,atcnet,rpcf_at,fgsm,full_test,raw,clean,5,0.042496679946878446,0.4301641018838913,2
rpcf_minus_madry,seediv,atcnet,rpcf_at,fgsm,full_test,raw,robust,5,-0.6852589641434248,0.3048090847903277,0
rpcf_minus_madry,seediv,atcnet,rpcf_at,pgd,full_test,raw,clean,5,0.042496679946878446,0.4301641018838913,2
rpcf_minus_madry,seediv,atcnet,rpcf_at,pgd,full_test,raw,robust,5,-0.6374501992031889,0.32257524041145064,0
rpcf_minus_madry,seediv,atcnet,rpcf_at,cw,full_test,raw,clean,5,0.042496679946878446,0.4301641018838913,2
rpcf_minus_madry,seediv,atcnet,rpcf_at,cw,full_test,raw,robust,5,-0.07968127490039839,0.09938001027288024,0
rpcf_minus_madry,seediv,conformer,rpcf_at,autoattack,full_test,raw,clean,5,-1.3811420982735712,0.46271584037674146,0
rpcf_minus_madry,seediv,conformer,rpcf_at,autoattack,full_test,raw,robust,5,-4.770252324037186,1.3577807704500406,0
rpcf_minus_madry,seediv,conformer,rpcf_at,fgsm,full_test,raw,clean,5,-1.3811420982735712,0.46271584037674146,0
rpcf_minus_madry,seediv,conformer,rpcf_at,fgsm,full_test,raw,robust,5,-5.110225763612217,1.5106321964674476,0
rpcf_minus_madry,seediv,conformer,rpcf_at,pgd,full_test,raw,clean,5,-1.3811420982735712,0.46271584037674146,0
rpcf_minus_madry,seediv,conformer,rpcf_at,pgd,full_test,raw,robust,5,-5.779548472775564,1.4933715559713923,0
rpcf_minus_madry,seediv,conformer,rpcf_at,cw,full_test,raw,clean,5,-1.3811420982735712,0.46271584037674146,0
rpcf_minus_madry,seediv,conformer,rpcf_at,cw,full_test,raw,robust,5,-2.5285524568393085,3.8095187075605597,1
rpcf_minus_madry,seediv,tcnet,rpcf_at,autoattack,full_test,raw,clean,5,0.18592297476759612,0.18592297476759748,4
rpcf_minus_madry,seediv,tcnet,rpcf_at,autoattack,full_test,raw,robust,5,-0.1381142098273569,0.1471648890007449,0
rpcf_minus_madry,seediv,tcnet,rpcf_at,fgsm,full_test,raw,clean,5,0.18592297476759612,0.18592297476759748,4
rpcf_minus_madry,seediv,tcnet,rpcf_at,fgsm,full_test,raw,robust,5,-0.11686586985391823,0.21789263534654493,1
rpcf_minus_madry,seediv,tcnet,rpcf_at,pgd,full_test,raw,clean,5,0.18592297476759612,0.18592297476759748,4
rpcf_minus_madry,seediv,tcnet,rpcf_at,pgd,full_test,raw,robust,5,-0.16467463479415634,0.25572600057181233,2
rpcf_minus_madry,seediv,tcnet,rpcf_at,cw,full_test,raw,clean,5,0.18592297476759612,0.18592297476759748,4
rpcf_minus_madry,seediv,tcnet,rpcf_at,cw,full_test,raw,robust,5,0.04780876494023906,0.18247611195025412,2
rpcf_minus_madry,bciciv2a,eegnet,rpcf_at,autoattack,full_test,raw,clean,5,-0.19157088122605193,1.2488893496556837,2
rpcf_minus_madry,bciciv2a,eegnet,rpcf_at,autoattack,full_test,raw,robust,5,-1.034482758620689,0.6439745714165346,0
rpcf_minus_madry,bciciv2a,eegnet,rpcf_at,fgsm,full_test,raw,clean,5,-0.19157088122605193,1.2488893496556837,2
rpcf_minus_madry,bciciv2a,eegnet,rpcf_at,fgsm,full_test,raw,robust,5,-1.6858237547892718,1.052768709887671,0
rpcf_minus_madry,bciciv2a,eegnet,rpcf_at,pgd,full_test,raw,clean,5,-0.19157088122605193,1.2488893496556837,2
rpcf_minus_madry,bciciv2a,eegnet,rpcf_at,pgd,full_test,raw,robust,5,-1.7624521072796928,1.0785968015524314,0
rpcf_minus_madry,bciciv2a,eegnet,rpcf_at,cw,full_test,raw,clean,5,-0.19157088122605193,1.2488893496556837,2
rpcf_minus_madry,bciciv2a,eegnet,rpcf_at,cw,full_test,raw,robust,5,-0.07662835249042145,0.17134620517239765,0
rpcf_minus_madry,bciciv2a,deepconvnet,rpcf_at,autoattack,full_test,raw,clean,5,0.11494252873563204,1.303526884000305,2
rpcf_minus_madry,bciciv2a,deepconvnet,rpcf_at,autoattack,full_test,raw,robust,5,-2.452107279693487,0.9127302106951418,0
rpcf_minus_madry,bciciv2a,deepconvnet,rpcf_at,fgsm,full_test,raw,clean,5,0.11494252873563204,1.303526884000305,2
rpcf_minus_madry,bciciv2a,deepconvnet,rpcf_at,fgsm,full_test,raw,robust,5,-3.0651340996168583,1.414255082397835,0
rpcf_minus_madry,bciciv2a,deepconvnet,rpcf_at,pgd,full_test,raw,clean,5,0.11494252873563204,1.303526884000305,2
rpcf_minus_madry,bciciv2a,deepconvnet,rpcf_at,pgd,full_test,raw,robust,5,-3.14176245210728,1.1381954618783872,0
rpcf_minus_madry,bciciv2a,deepconvnet,rpcf_at,cw,full_test,raw,clean,5,0.11494252873563204,1.303526884000305,2
rpcf_minus_madry,bciciv2a,deepconvnet,rpcf_at,cw,full_test,raw,robust,5,0.0,0.0,0
rpcf_minus_madry,bciciv2a,tsception,rpcf_at,autoattack,full_test,raw,clean,5,1.7241379310344833,2.0941773092984155,4
rpcf_minus_madry,bciciv2a,tsception,rpcf_at,autoattack,full_test,raw,robust,5,-2.2605363984674343,0.8820585772583402,0
rpcf_minus_madry,bciciv2a,tsception,rpcf_at,fgsm,full_test,raw,clean,5,1.7241379310344833,2.0941773092984155,4
rpcf_minus_madry,bciciv2a,tsception,rpcf_at,fgsm,full_test,raw,robust,5,-1.5325670498084298,1.6311672764297318,1
rpcf_minus_madry,bciciv2a,tsception,rpcf_at,pgd,full_test,raw,clean,5,1.7241379310344833,2.0941773092984155,4
rpcf_minus_madry,bciciv2a,tsception,rpcf_at,pgd,full_test,raw,robust,5,-1.685823754789273,1.7682729132895523,1
rpcf_minus_madry,bciciv2a,tsception,rpcf_at,cw,full_test,raw,clean,5,1.7241379310344833,2.0941773092984155,4
rpcf_minus_madry,bciciv2a,tsception,rpcf_at,cw,full_test,raw,robust,5,-5.593869731800766,6.952729896768959,1
rpcf_minus_madry,bciciv2a,atcnet,rpcf_at,autoattack,full_test,raw,clean,5,0.4597701149425282,1.3721076306107267,3
rpcf_minus_madry,bciciv2a,atcnet,rpcf_at,autoattack,full_test,raw,robust,5,-2.6053639846743293,1.0009463967519638,0
rpcf_minus_madry,bciciv2a,atcnet,rpcf_at,fgsm,full_test,raw,clean,5,0.4597701149425282,1.3721076306107267,3
rpcf_minus_madry,bciciv2a,atcnet,rpcf_at,fgsm,full_test,raw,robust,5,-3.984674329501915,0.696011575654596,0
rpcf_minus_madry,bciciv2a,atcnet,rpcf_at,pgd,full_test,raw,clean,5,0.4597701149425282,1.3721076306107267,3
rpcf_minus_madry,bciciv2a,atcnet,rpcf_at,pgd,full_test,raw,robust,5,-3.9080459770114944,0.6580675876366909,0
rpcf_minus_madry,bciciv2a,atcnet,rpcf_at,cw,full_test,raw,clean,5,0.4597701149425282,1.3721076306107267,3
rpcf_minus_madry,bciciv2a,atcnet,rpcf_at,cw,full_test,raw,robust,5,-0.03831417624521073,0.24977786993113593,1
rpcf_minus_madry,bciciv2a,conformer,rpcf_at,autoattack,full_test,raw,clean,5,-0.1915708812260531,3.1156045914349795,3
rpcf_minus_madry,bciciv2a,conformer,rpcf_at,autoattack,full_test,raw,robust,5,-6.590038314176246,2.368051669021064,0
rpcf_minus_madry,bciciv2a,conformer,rpcf_at,fgsm,full_test,raw,clean,5,-0.1915708812260531,3.1156045914349795,3
rpcf_minus_madry,bciciv2a,conformer,rpcf_at,fgsm,full_test,raw,robust,5,-8.582375478927203,2.528445356612478,0
rpcf_minus_madry,bciciv2a,conformer,rpcf_at,pgd,full_test,raw,clean,5,-0.1915708812260531,3.1156045914349795,3
rpcf_minus_madry,bciciv2a,conformer,rpcf_at,pgd,full_test,raw,robust,5,-9.157088122605364,3.2606467018094194,0
rpcf_minus_madry,bciciv2a,conformer,rpcf_at,cw,full_test,raw,clean,5,-0.1915708812260531,3.1156045914349795,3
rpcf_minus_madry,bciciv2a,conformer,rpcf_at,cw,full_test,raw,robust,5,-11.149425287356323,6.0812817672951525,0
rpcf_minus_madry,bciciv2a,tcnet,rpcf_at,autoattack,full_test,raw,clean,5,3.754789272030652,3.8662212368133946,5
rpcf_minus_madry,bciciv2a,tcnet,rpcf_at,autoattack,full_test,raw,robust,5,6.245210727969348,5.439736047175808,5
rpcf_minus_madry,bciciv2a,tcnet,rpcf_at,fgsm,full_test,raw,clean,5,3.754789272030652,3.8662212368133946,5
rpcf_minus_madry,bciciv2a,tcnet,rpcf_at,fgsm,full_test,raw,robust,5,5.440613026819923,5.292698173332166,3
rpcf_minus_madry,bciciv2a,tcnet,rpcf_at,pgd,full_test,raw,clean,5,3.754789272030652,3.8662212368133946,5
rpcf_minus_madry,bciciv2a,tcnet,rpcf_at,pgd,full_test,raw,robust,5,6.590038314176245,5.67741888936973,5
rpcf_minus_madry,bciciv2a,tcnet,rpcf_at,cw,full_test,raw,clean,5,3.754789272030652,3.8662212368133946,5
rpcf_minus_madry,bciciv2a,tcnet,rpcf_at,cw,full_test,raw,robust,5,2.030651340996169,3.360963567175505,4
tnp_minus_same_subset_raw,thubenchmark,eegnet,madry,autoattack,subset_n512,25,clean,5,-2.7734375,0.6960363156720883,0
tnp_minus_same_subset_raw,thubenchmark,eegnet,madry,autoattack,subset_n512,25,robust,5,4.9609375,2.3175620272173947,5
tnp_minus_same_subset_raw,thubenchmark,eegnet,madry,autoattack,subset_n512,30,clean,5,-2.109375,0.576089109521587,0
tnp_minus_same_subset_raw,thubenchmark,eegnet,madry,autoattack,subset_n512,30,robust,5,3.8671875,1.6070314399003292,5
tnp_minus_same_subset_raw,thubenchmark,eegnet,madry,fgsm,subset_n512,25,clean,5,-2.7734375,0.6960363156720883,0
tnp_minus_same_subset_raw,thubenchmark,eegnet,madry,fgsm,subset_n512,25,robust,5,0.6640625,1.3989066077710923,3
tnp_minus_same_subset_raw,thubenchmark,eegnet,madry,fgsm,subset_n512,30,clean,5,-2.109375,0.576089109521587,0
tnp_minus_same_subset_raw,thubenchmark,eegnet,madry,fgsm,subset_n512,30,robust,5,0.9765625,2.489755621871477,3
tnp_minus_same_subset_raw,thubenchmark,eegnet,madry,pgd,subset_n512,25,clean,5,-2.7734375,0.6960363156720883,0
tnp_minus_same_subset_raw,thubenchmark,eegnet,madry,pgd,subset_n512,25,robust,5,1.328125,1.642251797623274,3
tnp_minus_same_subset_raw,thubenchmark,eegnet,madry,pgd,subset_n512,30,clean,5,-2.109375,0.576089109521587,0
tnp_minus_same_subset_raw,thubenchmark,eegnet,madry,pgd,subset_n512,30,robust,5,1.6796875,1.891609377000508,4
tnp_minus_same_subset_raw,thubenchmark,eegnet,madry,cw,subset_n512,25,clean,5,-2.7734375,0.6960363156720883,0
tnp_minus_same_subset_raw,thubenchmark,eegnet,madry,cw,subset_n512,25,robust,5,25.859375,1.8508371469503333,5
tnp_minus_same_subset_raw,thubenchmark,eegnet,madry,cw,subset_n512,30,clean,5,-2.109375,0.576089109521587,0
tnp_minus_same_subset_raw,thubenchmark,eegnet,madry,cw,subset_n512,30,robust,5,18.7109375,1.5831159475905816,5
rpcf_minus_madry,thubenchmark,eegnet,rpcf_at,autoattack,subset_n512,raw,clean,5,0.15625,0.28969525340217434,3
rpcf_minus_madry,thubenchmark,eegnet,rpcf_at,autoattack,subset_n512,raw,robust,5,0.390625,0.3653962291771427,4
rpcf_minus_madry,thubenchmark,eegnet,rpcf_at,autoattack,subset_n512,25,clean,5,0.0390625,0.37569109495451847,2
tnp_minus_same_subset_raw,thubenchmark,eegnet,rpcf_at,autoattack,subset_n512,25,clean,5,-2.890625,0.5924121440665274,0
rpcf_minus_madry,thubenchmark,eegnet,rpcf_at,autoattack,subset_n512,25,robust,5,0.8984375,1.3989066077710923,3
tnp_minus_same_subset_raw,thubenchmark,eegnet,rpcf_at,autoattack,subset_n512,25,robust,5,5.46875,0.9468124721516268,5
rpcf_minus_madry,thubenchmark,eegnet,rpcf_at,autoattack,subset_n512,30,clean,5,0.234375,0.32093118603818327,2
tnp_minus_same_subset_raw,thubenchmark,eegnet,rpcf_at,autoattack,subset_n512,30,clean,5,-2.03125,0.40500862018218203,0
rpcf_minus_madry,thubenchmark,eegnet,rpcf_at,autoattack,subset_n512,30,robust,5,1.5234375,1.2460263990419205,4
tnp_minus_same_subset_raw,thubenchmark,eegnet,rpcf_at,autoattack,subset_n512,30,robust,5,5.0,1.0204961310635259,5
rpcf_minus_madry,thubenchmark,eegnet,rpcf_at,fgsm,subset_n512,raw,clean,5,0.15625,0.28969525340217434,3
rpcf_minus_madry,thubenchmark,eegnet,rpcf_at,fgsm,subset_n512,raw,robust,5,0.0,0.5348853100636388,2
rpcf_minus_madry,thubenchmark,eegnet,rpcf_at,fgsm,subset_n512,25,clean,5,0.0390625,0.37569109495451847,2
tnp_minus_same_subset_raw,thubenchmark,eegnet,rpcf_at,fgsm,subset_n512,25,clean,5,-2.890625,0.5924121440665274,0
rpcf_minus_madry,thubenchmark,eegnet,rpcf_at,fgsm,subset_n512,25,robust,5,2.1875,1.0996631453327537,5
tnp_minus_same_subset_raw,thubenchmark,eegnet,rpcf_at,fgsm,subset_n512,25,robust,5,2.8515625,0.8355175639143531,5
rpcf_minus_madry,thubenchmark,eegnet,rpcf_at,fgsm,subset_n512,30,clean,5,0.234375,0.32093118603818327,2
tnp_minus_same_subset_raw,thubenchmark,eegnet,rpcf_at,fgsm,subset_n512,30,clean,5,-2.03125,0.40500862018218203,0
rpcf_minus_madry,thubenchmark,eegnet,rpcf_at,fgsm,subset_n512,30,robust,5,1.875,1.8353140563802357,5
tnp_minus_same_subset_raw,thubenchmark,eegnet,rpcf_at,fgsm,subset_n512,30,robust,5,2.8515625,1.2777677526403224,5
rpcf_minus_madry,thubenchmark,eegnet,rpcf_at,pgd,subset_n512,raw,clean,5,0.15625,0.28969525340217434,3
rpcf_minus_madry,thubenchmark,eegnet,rpcf_at,pgd,subset_n512,raw,robust,5,0.078125,0.684987418623054,3
rpcf_minus_madry,thubenchmark,eegnet,rpcf_at,pgd,subset_n512,25,clean,5,0.0390625,0.37569109495451847,2
tnp_minus_same_subset_raw,thubenchmark,eegnet,rpcf_at,pgd,subset_n512,25,clean,5,-2.890625,0.5924121440665274,0
rpcf_minus_madry,thubenchmark,eegnet,rpcf_at,pgd,subset_n512,25,robust,5,2.8125,1.2551772666452834,5
tnp_minus_same_subset_raw,thubenchmark,eegnet,rpcf_at,pgd,subset_n512,25,robust,5,4.0625,1.4043498447068399,5
rpcf_minus_madry,thubenchmark,eegnet,rpcf_at,pgd,subset_n512,30,clean,5,0.234375,0.32093118603818327,2
tnp_minus_same_subset_raw,thubenchmark,eegnet,rpcf_at,pgd,subset_n512,30,clean,5,-2.03125,0.40500862018218203,0
rpcf_minus_madry,thubenchmark,eegnet,rpcf_at,pgd,subset_n512,30,robust,5,1.9140625,1.8238464890513675,4
tnp_minus_same_subset_raw,thubenchmark,eegnet,rpcf_at,pgd,subset_n512,30,robust,5,3.515625,0.9468124721516268,5
rpcf_minus_madry,thubenchmark,eegnet,rpcf_at,cw,subset_n512,raw,clean,5,0.15625,0.28969525340217434,3
rpcf_minus_madry,thubenchmark,eegnet,rpcf_at,cw,subset_n512,raw,robust,5,0.0,0.0,0
rpcf_minus_madry,thubenchmark,eegnet,rpcf_at,cw,subset_n512,25,clean,5,0.0390625,0.37569109495451847,2
tnp_minus_same_subset_raw,thubenchmark,eegnet,rpcf_at,cw,subset_n512,25,clean,5,-2.890625,0.5924121440665274,0
rpcf_minus_madry,thubenchmark,eegnet,rpcf_at,cw,subset_n512,25,robust,5,0.8984375,2.2380119547861277,2
tnp_minus_same_subset_raw,thubenchmark,eegnet,rpcf_at,cw,subset_n512,25,robust,5,26.7578125,1.7793815584266208,5
rpcf_minus_madry,thubenchmark,eegnet,rpcf_at,cw,subset_n512,30,clean,5,0.234375,0.32093118603818327,2
tnp_minus_same_subset_raw,thubenchmark,eegnet,rpcf_at,cw,subset_n512,30,clean,5,-2.03125,0.40500862018218203,0
rpcf_minus_madry,thubenchmark,eegnet,rpcf_at,cw,subset_n512,30,robust,5,0.234375,2.1279204999945076,2
tnp_minus_same_subset_raw,thubenchmark,eegnet,rpcf_at,cw,subset_n512,30,robust,5,18.9453125,1.7304731588544287,5
tnp_minus_same_subset_raw,thubenchmark,deepconvnet,madry,autoattack,subset_n512,25,clean,5,-3.125,0.9862797791369217,0
tnp_minus_same_subset_raw,thubenchmark,deepconvnet,madry,autoattack,subset_n512,25,robust,5,5.5078125,0.9804609685946197,5
tnp_minus_same_subset_raw,thubenchmark,deepconvnet,madry,autoattack,subset_n512,30,clean,5,-2.265625,1.0204961310635259,0
tnp_minus_same_subset_raw,thubenchmark,deepconvnet,madry,autoattack,subset_n512,30,robust,5,4.765625,1.2165946486247998,5
tnp_minus_same_subset_raw,thubenchmark,deepconvnet,madry,fgsm,subset_n512,25,clean,5,-3.125,0.9862797791369217,0
tnp_minus_same_subset_raw,thubenchmark,deepconvnet,madry,fgsm,subset_n512,25,robust,5,0.859375,0.40500862018218203,5
tnp_minus_same_subset_raw,thubenchmark,deepconvnet,madry,fgsm,subset_n512,30,clean,5,-2.265625,1.0204961310635259,0
tnp_minus_same_subset_raw,thubenchmark,deepconvnet,madry,fgsm,subset_n512,30,robust,5,0.78125,1.060818407343771,4
tnp_minus_same_subset_raw,thubenchmark,deepconvnet,madry,pgd,subset_n512,25,clean,5,-3.125,0.9862797791369217,0
tnp_minus_same_subset_raw,thubenchmark,deepconvnet,madry,pgd,subset_n512,25,robust,5,2.7734375,1.0821793107183648,5
tnp_minus_same_subset_raw,thubenchmark,deepconvnet,madry,pgd,subset_n512,30,clean,5,-2.265625,1.0204961310635259,0
tnp_minus_same_subset_raw,thubenchmark,deepconvnet,madry,pgd,subset_n512,30,robust,5,1.9921875,0.6536406457297466,5
tnp_minus_same_subset_raw,thubenchmark,deepconvnet,madry,cw,subset_n512,25,clean,5,-3.125,0.9862797791369217,0
tnp_minus_same_subset_raw,thubenchmark,deepconvnet,madry,cw,subset_n512,25,robust,5,16.6796875,7.996609923190694,5
tnp_minus_same_subset_raw,thubenchmark,deepconvnet,madry,cw,subset_n512,30,clean,5,-2.265625,1.0204961310635259,0
tnp_minus_same_subset_raw,thubenchmark,deepconvnet,madry,cw,subset_n512,30,robust,5,7.5390625,5.406664882021483,5
rpcf_minus_madry,thubenchmark,deepconvnet,rpcf_at,autoattack,subset_n512,raw,clean,5,0.546875,0.7229201376297557,4
rpcf_minus_madry,thubenchmark,deepconvnet,rpcf_at,autoattack,subset_n512,raw,robust,5,1.25,1.5963138079455117,4
rpcf_minus_madry,thubenchmark,deepconvnet,rpcf_at,autoattack,subset_n512,25,clean,5,1.09375,0.9014047468136193,5
tnp_minus_same_subset_raw,thubenchmark,deepconvnet,rpcf_at,autoattack,subset_n512,25,clean,5,-2.578125,0.8558164961018221,0
rpcf_minus_madry,thubenchmark,deepconvnet,rpcf_at,autoattack,subset_n512,25,robust,5,0.15625,1.4771617500928935,3
tnp_minus_same_subset_raw,thubenchmark,deepconvnet,rpcf_at,autoattack,subset_n512,25,robust,5,4.4140625,0.8240243402237886,5
rpcf_minus_madry,thubenchmark,deepconvnet,rpcf_at,autoattack,subset_n512,30,clean,5,0.859375,0.5793905068043487,5
tnp_minus_same_subset_raw,thubenchmark,deepconvnet,rpcf_at,autoattack,subset_n512,30,clean,5,-1.953125,0.7437278423695223,0
rpcf_minus_madry,thubenchmark,deepconvnet,rpcf_at,autoattack,subset_n512,30,robust,5,0.625,0.9804609685946197,4
tnp_minus_same_subset_raw,thubenchmark,deepconvnet,rpcf_at,autoattack,subset_n512,30,robust,5,4.140625,0.7614683081882003,5
rpcf_minus_madry,thubenchmark,deepconvnet,rpcf_at,fgsm,subset_n512,raw,clean,5,0.546875,0.7229201376297557,4
rpcf_minus_madry,thubenchmark,deepconvnet,rpcf_at,fgsm,subset_n512,raw,robust,5,1.5234375,1.444520475554734,4
rpcf_minus_madry,thubenchmark,deepconvnet,rpcf_at,fgsm,subset_n512,25,clean,5,1.09375,0.9014047468136193,5
tnp_minus_same_subset_raw,thubenchmark,deepconvnet,rpcf_at,fgsm,subset_n512,25,clean,5,-2.578125,0.8558164961018221,0
rpcf_minus_madry,thubenchmark,deepconvnet,rpcf_at,fgsm,subset_n512,25,robust,5,0.46875,1.0661987549965766,3
tnp_minus_same_subset_raw,thubenchmark,deepconvnet,rpcf_at,fgsm,subset_n512,25,robust,5,-0.1953125,1.9384212149686726,3
rpcf_minus_madry,thubenchmark,deepconvnet,rpcf_at,fgsm,subset_n512,30,clean,5,0.859375,0.5793905068043487,5
tnp_minus_same_subset_raw,thubenchmark,deepconvnet,rpcf_at,fgsm,subset_n512,30,clean,5,-1.953125,0.7437278423695223,0
rpcf_minus_madry,thubenchmark,deepconvnet,rpcf_at,fgsm,subset_n512,30,robust,5,0.7421875,0.8217064049985402,3
tnp_minus_same_subset_raw,thubenchmark,deepconvnet,rpcf_at,fgsm,subset_n512,30,robust,5,0.0,0.9366858443970155,3
rpcf_minus_madry,thubenchmark,deepconvnet,rpcf_at,pgd,subset_n512,raw,clean,5,0.546875,0.7229201376297557,4
rpcf_minus_madry,thubenchmark,deepconvnet,rpcf_at,pgd,subset_n512,raw,robust,5,0.9765625,1.3460985109463106,4
rpcf_minus_madry,thubenchmark,deepconvnet,rpcf_at,pgd,subset_n512,25,clean,5,1.09375,0.9014047468136193,5
tnp_minus_same_subset_raw,thubenchmark,deepconvnet,rpcf_at,pgd,subset_n512,25,clean,5,-2.578125,0.8558164961018221,0
rpcf_minus_madry,thubenchmark,deepconvnet,rpcf_at,pgd,subset_n512,25,robust,5,0.1171875,0.6268283803078598,3
tnp_minus_same_subset_raw,thubenchmark,deepconvnet,rpcf_at,pgd,subset_n512,25,robust,5,1.9140625,0.34938562148434216,5
rpcf_minus_madry,thubenchmark,deepconvnet,rpcf_at,pgd,subset_n512,30,clean,5,0.859375,0.5793905068043487,5
tnp_minus_same_subset_raw,thubenchmark,deepconvnet,rpcf_at,pgd,subset_n512,30,clean,5,-1.953125,0.7437278423695223,0
rpcf_minus_madry,thubenchmark,deepconvnet,rpcf_at,pgd,subset_n512,30,robust,5,0.390625,0.8400708268596315,3
tnp_minus_same_subset_raw,thubenchmark,deepconvnet,rpcf_at,pgd,subset_n512,30,robust,5,1.40625,0.6388838763201612,5
rpcf_minus_madry,thubenchmark,deepconvnet,rpcf_at,cw,subset_n512,raw,clean,5,0.546875,0.7229201376297557,4
rpcf_minus_madry,thubenchmark,deepconvnet,rpcf_at,cw,subset_n512,raw,robust,5,0.0,0.0,0
rpcf_minus_madry,thubenchmark,deepconvnet,rpcf_at,cw,subset_n512,25,clean,5,1.09375,0.9014047468136193,5
tnp_minus_same_subset_raw,thubenchmark,deepconvnet,rpcf_at,cw,subset_n512,25,clean,5,-2.578125,0.8558164961018221,0
rpcf_minus_madry,thubenchmark,deepconvnet,rpcf_at,cw,subset_n512,25,robust,5,-11.5625,5.801142928539492,0
tnp_minus_same_subset_raw,thubenchmark,deepconvnet,rpcf_at,cw,subset_n512,25,robust,5,5.1171875,2.312618768064951,5
rpcf_minus_madry,thubenchmark,deepconvnet,rpcf_at,cw,subset_n512,30,clean,5,0.859375,0.5793905068043487,5
tnp_minus_same_subset_raw,thubenchmark,deepconvnet,rpcf_at,cw,subset_n512,30,clean,5,-1.953125,0.7437278423695223,0
rpcf_minus_madry,thubenchmark,deepconvnet,rpcf_at,cw,subset_n512,30,robust,5,-5.3125,4.676092891139193,0
tnp_minus_same_subset_raw,thubenchmark,deepconvnet,rpcf_at,cw,subset_n512,30,robust,5,2.2265625,1.285209677840789,5
tnp_minus_same_subset_raw,thubenchmark,tsception,madry,autoattack,subset_n512,25,clean,5,-5.8203125,1.7761628975608839,0
tnp_minus_same_subset_raw,thubenchmark,tsception,madry,autoattack,subset_n512,25,robust,5,13.3984375,1.2551772666452834,5
tnp_minus_same_subset_raw,thubenchmark,tsception,madry,autoattack,subset_n512,30,clean,5,-4.5703125,0.9427748739177476,0
tnp_minus_same_subset_raw,thubenchmark,tsception,madry,autoattack,subset_n512,30,robust,5,11.5234375,1.5440808887540916,5
tnp_minus_same_subset_raw,thubenchmark,tsception,madry,fgsm,subset_n512,25,clean,5,-5.8203125,1.7761628975608839,0
tnp_minus_same_subset_raw,thubenchmark,tsception,madry,fgsm,subset_n512,25,robust,5,4.7265625,1.2383490221990123,5
tnp_minus_same_subset_raw,thubenchmark,tsception,madry,fgsm,subset_n512,30,clean,5,-4.5703125,0.9427748739177476,0
tnp_minus_same_subset_raw,thubenchmark,tsception,madry,fgsm,subset_n512,30,robust,5,4.21875,1.3713663813704655,5
tnp_minus_same_subset_raw,thubenchmark,tsception,madry,pgd,subset_n512,25,clean,5,-5.8203125,1.7761628975608839,0
tnp_minus_same_subset_raw,thubenchmark,tsception,madry,pgd,subset_n512,25,robust,5,8.75,0.9804609685946197,5
tnp_minus_same_subset_raw,thubenchmark,tsception,madry,pgd,subset_n512,30,clean,5,-4.5703125,0.9427748739177476,0
tnp_minus_same_subset_raw,thubenchmark,tsception,madry,pgd,subset_n512,30,robust,5,7.109375,0.7513821899090369,5
tnp_minus_same_subset_raw,thubenchmark,tsception,madry,cw,subset_n512,25,clean,5,-5.8203125,1.7761628975608839,0
tnp_minus_same_subset_raw,thubenchmark,tsception,madry,cw,subset_n512,25,robust,5,15.5859375,2.5555355052806448,5
tnp_minus_same_subset_raw,thubenchmark,tsception,madry,cw,subset_n512,30,clean,5,-4.5703125,0.9427748739177476,0
tnp_minus_same_subset_raw,thubenchmark,tsception,madry,cw,subset_n512,30,robust,5,10.5078125,1.6993309948559536,5
rpcf_minus_madry,thubenchmark,tsception,rpcf_at,autoattack,subset_n512,raw,clean,5,-0.1953125,1.7194157091463875,3
rpcf_minus_madry,thubenchmark,tsception,rpcf_at,autoattack,subset_n512,raw,robust,5,-1.953125,1.3601941676937617,0
rpcf_minus_madry,thubenchmark,tsception,rpcf_at,autoattack,subset_n512,25,clean,5,0.859375,0.8355175639143531,5
tnp_minus_same_subset_raw,thubenchmark,tsception,rpcf_at,autoattack,subset_n512,25,clean,5,-4.765625,0.5956230735147229,0
rpcf_minus_madry,thubenchmark,tsception,rpcf_at,autoattack,subset_n512,25,robust,5,-0.625,3.0490026625649453,2
tnp_minus_same_subset_raw,thubenchmark,tsception,rpcf_at,autoattack,subset_n512,25,robust,5,14.7265625,2.7642066896393396,5
rpcf_minus_madry,thubenchmark,tsception,rpcf_at,autoattack,subset_n512,30,clean,5,0.46875,2.0558902135844948,3
tnp_minus_same_subset_raw,thubenchmark,tsception,rpcf_at,autoattack,subset_n512,30,clean,5,-3.90625,1.0334966058846058,0
rpcf_minus_madry,thubenchmark,tsception,rpcf_at,autoattack,subset_n512,30,robust,5,-1.3671875,2.716880418602257,2
tnp_minus_same_subset_raw,thubenchmark,tsception,rpcf_at,autoattack,subset_n512,30,robust,5,12.109375,2.286074201312427,5
rpcf_minus_madry,thubenchmark,tsception,rpcf_at,fgsm,subset_n512,raw,clean,5,-0.1953125,1.7194157091463875,3
rpcf_minus_madry,thubenchmark,tsception,rpcf_at,fgsm,subset_n512,raw,robust,5,-2.65625,1.689199086753098,1
rpcf_minus_madry,thubenchmark,tsception,rpcf_at,fgsm,subset_n512,25,clean,5,0.859375,0.8355175639143531,5
tnp_minus_same_subset_raw,thubenchmark,tsception,rpcf_at,fgsm,subset_n512,25,clean,5,-4.765625,0.5956230735147229,0
rpcf_minus_madry,thubenchmark,tsception,rpcf_at,fgsm,subset_n512,25,robust,5,-1.5625,3.0099677748871954,1
tnp_minus_same_subset_raw,thubenchmark,tsception,rpcf_at,fgsm,subset_n512,25,robust,5,5.8203125,2.224334137110615,5
rpcf_minus_madry,thubenchmark,tsception,rpcf_at,fgsm,subset_n512,30,clean,5,0.46875,2.0558902135844948,3
tnp_minus_same_subset_raw,thubenchmark,tsception,rpcf_at,fgsm,subset_n512,30,clean,5,-3.90625,1.0334966058846058,0
rpcf_minus_madry,thubenchmark,tsception,rpcf_at,fgsm,subset_n512,30,robust,5,-2.3828125,1.9648088031186393,0
tnp_minus_same_subset_raw,thubenchmark,tsception,rpcf_at,fgsm,subset_n512,30,robust,5,4.4921875,2.108108705558877,5
rpcf_minus_madry,thubenchmark,tsception,rpcf_at,pgd,subset_n512,raw,clean,5,-0.1953125,1.7194157091463875,3
rpcf_minus_madry,thubenchmark,tsception,rpcf_at,pgd,subset_n512,raw,robust,5,-3.7890625,1.0111077426206863,0
rpcf_minus_madry,thubenchmark,tsception,rpcf_at,pgd,subset_n512,25,clean,5,0.859375,0.8355175639143531,5
tnp_minus_same_subset_raw,thubenchmark,tsception,rpcf_at,pgd,subset_n512,25,clean,5,-4.765625,0.5956230735147229,0
rpcf_minus_madry,thubenchmark,tsception,rpcf_at,pgd,subset_n512,25,robust,5,-2.34375,2.0250431009109104,0
tnp_minus_same_subset_raw,thubenchmark,tsception,rpcf_at,pgd,subset_n512,25,robust,5,10.1953125,2.017493985721364,5
rpcf_minus_madry,thubenchmark,tsception,rpcf_at,pgd,subset_n512,30,clean,5,0.46875,2.0558902135844948,3
tnp_minus_same_subset_raw,thubenchmark,tsception,rpcf_at,pgd,subset_n512,30,clean,5,-3.90625,1.0334966058846058,0
rpcf_minus_madry,thubenchmark,tsception,rpcf_at,pgd,subset_n512,30,robust,5,-1.953125,1.943334838098867,1
tnp_minus_same_subset_raw,thubenchmark,tsception,rpcf_at,pgd,subset_n512,30,robust,5,8.9453125,2.506552691743059,5
rpcf_minus_madry,thubenchmark,tsception,rpcf_at,cw,subset_n512,raw,clean,5,-0.1953125,1.7194157091463875,3
rpcf_minus_madry,thubenchmark,tsception,rpcf_at,cw,subset_n512,raw,robust,5,0.3125,0.22269051271467538,4
rpcf_minus_madry,thubenchmark,tsception,rpcf_at,cw,subset_n512,25,clean,5,0.859375,0.8355175639143531,5
tnp_minus_same_subset_raw,thubenchmark,tsception,rpcf_at,cw,subset_n512,25,clean,5,-4.765625,0.5956230735147229,0
rpcf_minus_madry,thubenchmark,tsception,rpcf_at,cw,subset_n512,25,robust,5,0.546875,2.544315479606573,2
tnp_minus_same_subset_raw,thubenchmark,tsception,rpcf_at,cw,subset_n512,25,robust,5,15.8203125,2.0531050821902967,5
rpcf_minus_madry,thubenchmark,tsception,rpcf_at,cw,subset_n512,30,clean,5,0.46875,2.0558902135844948,3
tnp_minus_same_subset_raw,thubenchmark,tsception,rpcf_at,cw,subset_n512,30,clean,5,-3.90625,1.0334966058846058,0
rpcf_minus_madry,thubenchmark,tsception,rpcf_at,cw,subset_n512,30,robust,5,0.1171875,0.7885402046166543,2
tnp_minus_same_subset_raw,thubenchmark,tsception,rpcf_at,cw,subset_n512,30,robust,5,10.3125,1.0463355653108495,5
tnp_minus_same_subset_raw,thubenchmark,atcnet,madry,autoattack,subset_n512,25,clean,5,-2.8515625,0.42790824805091104,0
tnp_minus_same_subset_raw,thubenchmark,atcnet,madry,autoattack,subset_n512,25,robust,5,1.4453125,0.7763518325918668,5
tnp_minus_same_subset_raw,thubenchmark,atcnet,madry,autoattack,subset_n512,30,clean,5,-1.7578125,0.7689460814464659,0
tnp_minus_same_subset_raw,thubenchmark,atcnet,madry,autoattack,subset_n512,30,robust,5,1.25,0.5454781267097243,5
tnp_minus_same_subset_raw,thubenchmark,atcnet,madry,fgsm,subset_n512,25,clean,5,-2.8515625,0.42790824805091104,0
tnp_minus_same_subset_raw,thubenchmark,atcnet,madry,fgsm,subset_n512,25,robust,5,-2.8125,1.2087303474035782,0
tnp_minus_same_subset_raw,thubenchmark,atcnet,madry,fgsm,subset_n512,30,clean,5,-1.7578125,0.7689460814464659,0
tnp_minus_same_subset_raw,thubenchmark,atcnet,madry,fgsm,subset_n512,30,robust,5,-2.03125,0.7385808750464468,0
tnp_minus_same_subset_raw,thubenchmark,atcnet,madry,pgd,subset_n512,25,clean,5,-2.8515625,0.42790824805091104,0
tnp_minus_same_subset_raw,thubenchmark,atcnet,madry,pgd,subset_n512,25,robust,5,-2.7734375,0.4234274099351328,0
tnp_minus_same_subset_raw,thubenchmark,atcnet,madry,pgd,subset_n512,30,clean,5,-1.7578125,0.7689460814464659,0
tnp_minus_same_subset_raw,thubenchmark,atcnet,madry,pgd,subset_n512,30,robust,5,-2.2265625,0.6268283803078598,0
tnp_minus_same_subset_raw,thubenchmark,atcnet,madry,cw,subset_n512,25,clean,5,-2.8515625,0.42790824805091104,0
tnp_minus_same_subset_raw,thubenchmark,atcnet,madry,cw,subset_n512,25,robust,5,39.2578125,2.4820830131130536,5
tnp_minus_same_subset_raw,thubenchmark,atcnet,madry,cw,subset_n512,30,clean,5,-1.7578125,0.7689460814464659,0
tnp_minus_same_subset_raw,thubenchmark,atcnet,madry,cw,subset_n512,30,robust,5,28.203125,1.4912975913141464,5
rpcf_minus_madry,thubenchmark,atcnet,rpcf_at,autoattack,subset_n512,raw,clean,5,0.4296875,0.5240784322265132,4
rpcf_minus_madry,thubenchmark,atcnet,rpcf_at,autoattack,subset_n512,raw,robust,5,0.5078125,1.0839403848055944,3
rpcf_minus_madry,thubenchmark,atcnet,rpcf_at,autoattack,subset_n512,25,clean,5,0.8203125,0.6388838763201612,4
tnp_minus_same_subset_raw,thubenchmark,atcnet,rpcf_at,autoattack,subset_n512,25,clean,5,-2.4609375,0.3548027758707998,0
rpcf_minus_madry,thubenchmark,atcnet,rpcf_at,autoattack,subset_n512,25,robust,5,0.15625,0.8558164961018221,1
tnp_minus_same_subset_raw,thubenchmark,atcnet,rpcf_at,autoattack,subset_n512,25,robust,5,1.09375,0.6987712429686843,5
rpcf_minus_madry,thubenchmark,atcnet,rpcf_at,autoattack,subset_n512,30,clean,5,0.234375,0.5419701924027972,3
tnp_minus_same_subset_raw,thubenchmark,atcnet,rpcf_at,autoattack,subset_n512,30,clean,5,-1.953125,0.1953125,0
rpcf_minus_madry,thubenchmark,atcnet,rpcf_at,autoattack,subset_n512,30,robust,5,0.546875,1.1992251119538087,3
tnp_minus_same_subset_raw,thubenchmark,atcnet,rpcf_at,autoattack,subset_n512,30,robust,5,1.2890625,0.2962060720332637,5
rpcf_minus_madry,thubenchmark,atcnet,rpcf_at,fgsm,subset_n512,raw,clean,5,0.4296875,0.5240784322265132,4
rpcf_minus_madry,thubenchmark,atcnet,rpcf_at,fgsm,subset_n512,raw,robust,5,0.625,1.4771617500928935,3
rpcf_minus_madry,thubenchmark,atcnet,rpcf_at,fgsm,subset_n512,25,clean,5,0.8203125,0.6388838763201612,4
tnp_minus_same_subset_raw,thubenchmark,atcnet,rpcf_at,fgsm,subset_n512,25,clean,5,-2.4609375,0.3548027758707998,0
rpcf_minus_madry,thubenchmark,atcnet,rpcf_at,fgsm,subset_n512,25,robust,5,1.40625,0.8886182160997911,5
tnp_minus_same_subset_raw,thubenchmark,atcnet,rpcf_at,fgsm,subset_n512,25,robust,5,-2.03125,0.9427748739177476,0
rpcf_minus_madry,thubenchmark,atcnet,rpcf_at,fgsm,subset_n512,30,clean,5,0.234375,0.5419701924027972,3
tnp_minus_same_subset_raw,thubenchmark,atcnet,rpcf_at,fgsm,subset_n512,30,clean,5,-1.953125,0.1953125,0
rpcf_minus_madry,thubenchmark,atcnet,rpcf_at,fgsm,subset_n512,30,robust,5,0.7421875,0.6960363156720883,4
tnp_minus_same_subset_raw,thubenchmark,atcnet,rpcf_at,fgsm,subset_n512,30,robust,5,-1.9140625,0.8217064049985402,0
rpcf_minus_madry,thubenchmark,atcnet,rpcf_at,pgd,subset_n512,raw,clean,5,0.4296875,0.5240784322265132,4
rpcf_minus_madry,thubenchmark,atcnet,rpcf_at,pgd,subset_n512,raw,robust,5,0.234375,1.1751256997258845,2
rpcf_minus_madry,thubenchmark,atcnet,rpcf_at,pgd,subset_n512,25,clean,5,0.8203125,0.6388838763201612,4
tnp_minus_same_subset_raw,thubenchmark,atcnet,rpcf_at,pgd,subset_n512,25,clean,5,-2.4609375,0.3548027758707998,0
rpcf_minus_madry,thubenchmark,atcnet,rpcf_at,pgd,subset_n512,25,robust,5,1.3671875,1.3246738248291539,5
tnp_minus_same_subset_raw,thubenchmark,atcnet,rpcf_at,pgd,subset_n512,25,robust,5,-1.640625,0.8580422904878436,0
rpcf_minus_madry,thubenchmark,atcnet,rpcf_at,pgd,subset_n512,30,clean,5,0.234375,0.5419701924027972,3
tnp_minus_same_subset_raw,thubenchmark,atcnet,rpcf_at,pgd,subset_n512,30,clean,5,-1.953125,0.1953125,0
rpcf_minus_madry,thubenchmark,atcnet,rpcf_at,pgd,subset_n512,30,robust,5,1.25,1.2087303474035782,5
tnp_minus_same_subset_raw,thubenchmark,atcnet,rpcf_at,pgd,subset_n512,30,robust,5,-1.2109375,0.7488394340890943,0
rpcf_minus_madry,thubenchmark,atcnet,rpcf_at,cw,subset_n512,raw,clean,5,0.4296875,0.5240784322265132,4
rpcf_minus_madry,thubenchmark,atcnet,rpcf_at,cw,subset_n512,raw,robust,5,0.0390625,0.08734640537108554,1
rpcf_minus_madry,thubenchmark,atcnet,rpcf_at,cw,subset_n512,25,clean,5,0.8203125,0.6388838763201612,4
tnp_minus_same_subset_raw,thubenchmark,atcnet,rpcf_at,cw,subset_n512,25,clean,5,-2.4609375,0.3548027758707998,0
rpcf_minus_madry,thubenchmark,atcnet,rpcf_at,cw,subset_n512,25,robust,5,-5.390625,6.05563248673936,0
tnp_minus_same_subset_raw,thubenchmark,atcnet,rpcf_at,cw,subset_n512,25,robust,5,33.828125,7.043988027671851,5
rpcf_minus_madry,thubenchmark,atcnet,rpcf_at,cw,subset_n512,30,clean,5,0.234375,0.5419701924027972,3
tnp_minus_same_subset_raw,thubenchmark,atcnet,rpcf_at,cw,subset_n512,30,clean,5,-1.953125,0.1953125,0
rpcf_minus_madry,thubenchmark,atcnet,rpcf_at,cw,subset_n512,30,robust,5,-4.375,4.100632335003347,0
tnp_minus_same_subset_raw,thubenchmark,atcnet,rpcf_at,cw,subset_n512,30,robust,5,23.7890625,5.105096641470169,5
tnp_minus_same_subset_raw,thubenchmark,conformer,madry,autoattack,subset_n512,25,clean,5,-2.5,0.7981569039727558,0
tnp_minus_same_subset_raw,thubenchmark,conformer,madry,autoattack,subset_n512,25,robust,5,5.9765625,0.9014047468136193,5
tnp_minus_same_subset_raw,thubenchmark,conformer,madry,autoattack,subset_n512,30,clean,5,-1.796875,0.6388838763201612,0
tnp_minus_same_subset_raw,thubenchmark,conformer,madry,autoattack,subset_n512,30,robust,5,5.1953125,1.285209677840789,5
tnp_minus_same_subset_raw,thubenchmark,conformer,madry,fgsm,subset_n512,25,clean,5,-2.5,0.7981569039727558,0
tnp_minus_same_subset_raw,thubenchmark,conformer,madry,fgsm,subset_n512,25,robust,5,0.9375,0.9608104590819408,5
tnp_minus_same_subset_raw,thubenchmark,conformer,madry,fgsm,subset_n512,30,clean,5,-1.796875,0.6388838763201612,0
tnp_minus_same_subset_raw,thubenchmark,conformer,madry,fgsm,subset_n512,30,robust,5,0.9375,0.844599543376549,4
tnp_minus_same_subset_raw,thubenchmark,conformer,madry,pgd,subset_n512,25,clean,5,-2.5,0.7981569039727558,0
tnp_minus_same_subset_raw,thubenchmark,conformer,madry,pgd,subset_n512,25,robust,5,3.75,1.4312555437938486,5
tnp_minus_same_subset_raw,thubenchmark,conformer,madry,pgd,subset_n512,30,clean,5,-1.796875,0.6388838763201612,0
tnp_minus_same_subset_raw,thubenchmark,conformer,madry,pgd,subset_n512,30,robust,5,2.96875,0.8100172403643641,5
tnp_minus_same_subset_raw,thubenchmark,conformer,madry,cw,subset_n512,25,clean,5,-2.5,0.7981569039727558,0
tnp_minus_same_subset_raw,thubenchmark,conformer,madry,cw,subset_n512,25,robust,5,17.890625,3.544262701282613,5
tnp_minus_same_subset_raw,thubenchmark,conformer,madry,cw,subset_n512,30,clean,5,-1.796875,0.6388838763201612,0
tnp_minus_same_subset_raw,thubenchmark,conformer,madry,cw,subset_n512,30,robust,5,12.3828125,3.364821166774692,5
rpcf_minus_madry,thubenchmark,conformer,rpcf_at,autoattack,subset_n512,raw,clean,5,-0.703125,0.5956230735147229,0
rpcf_minus_madry,thubenchmark,conformer,rpcf_at,autoattack,subset_n512,raw,robust,5,-1.015625,3.5410323229404974,2
rpcf_minus_madry,thubenchmark,conformer,rpcf_at,autoattack,subset_n512,25,clean,5,-0.546875,0.5055538713103431,0
tnp_minus_same_subset_raw,thubenchmark,conformer,rpcf_at,autoattack,subset_n512,25,clean,5,-2.34375,0.8286407592029854,0
rpcf_minus_madry,thubenchmark,conformer,rpcf_at,autoattack,subset_n512,25,robust,5,-0.4296875,2.5480609777031926,1
tnp_minus_same_subset_raw,thubenchmark,conformer,rpcf_at,autoattack,subset_n512,25,robust,5,6.5625,1.4912975913141464,5
rpcf_minus_madry,thubenchmark,conformer,rpcf_at,autoattack,subset_n512,30,clean,5,-0.8984375,0.7763518325918668,0
tnp_minus_same_subset_raw,thubenchmark,conformer,rpcf_at,autoattack,subset_n512,30,clean,5,-1.9921875,0.37569109495451847,0
rpcf_minus_madry,thubenchmark,conformer,rpcf_at,autoattack,subset_n512,30,robust,5,-0.3125,2.7642066896393396,1
tnp_minus_same_subset_raw,thubenchmark,conformer,rpcf_at,autoattack,subset_n512,30,robust,5,5.8984375,1.2460263990419205,5
rpcf_minus_madry,thubenchmark,conformer,rpcf_at,fgsm,subset_n512,raw,clean,5,-0.703125,0.5956230735147229,0
rpcf_minus_madry,thubenchmark,conformer,rpcf_at,fgsm,subset_n512,raw,robust,5,-2.109375,2.1897658465896814,1
rpcf_minus_madry,thubenchmark,conformer,rpcf_at,fgsm,subset_n512,25,clean,5,-0.546875,0.5055538713103431,0
tnp_minus_same_subset_raw,thubenchmark,conformer,rpcf_at,fgsm,subset_n512,25,clean,5,-2.34375,0.8286407592029854,0
rpcf_minus_madry,thubenchmark,conformer,rpcf_at,fgsm,subset_n512,25,robust,5,-1.171875,2.1261270563551995,1
tnp_minus_same_subset_raw,thubenchmark,conformer,rpcf_at,fgsm,subset_n512,25,robust,5,1.875,1.4589726091393045,4
rpcf_minus_madry,thubenchmark,conformer,rpcf_at,fgsm,subset_n512,30,clean,5,-0.8984375,0.7763518325918668,0
tnp_minus_same_subset_raw,thubenchmark,conformer,rpcf_at,fgsm,subset_n512,30,clean,5,-1.9921875,0.37569109495451847,0
rpcf_minus_madry,thubenchmark,conformer,rpcf_at,fgsm,subset_n512,30,robust,5,-1.09375,2.2676445740156237,1
tnp_minus_same_subset_raw,thubenchmark,conformer,rpcf_at,fgsm,subset_n512,30,robust,5,1.953125,1.0874539771152387,5
rpcf_minus_madry,thubenchmark,conformer,rpcf_at,pgd,subset_n512,raw,clean,5,-0.703125,0.5956230735147229,0
rpcf_minus_madry,thubenchmark,conformer,rpcf_at,pgd,subset_n512,raw,robust,5,-1.09375,3.1146067402618223,2
rpcf_minus_madry,thubenchmark,conformer,rpcf_at,pgd,subset_n512,25,clean,5,-0.546875,0.5055538713103431,0
tnp_minus_same_subset_raw,thubenchmark,conformer,rpcf_at,pgd,subset_n512,25,clean,5,-2.34375,0.8286407592029854,0
rpcf_minus_madry,thubenchmark,conformer,rpcf_at,pgd,subset_n512,25,robust,5,-0.625,2.947213204677959,1
tnp_minus_same_subset_raw,thubenchmark,conformer,rpcf_at,pgd,subset_n512,25,robust,5,4.21875,1.4589726091393045,5
rpcf_minus_madry,thubenchmark,conformer,rpcf_at,pgd,subset_n512,30,clean,5,-0.8984375,0.7763518325918668,0
tnp_minus_same_subset_raw,thubenchmark,conformer,rpcf_at,pgd,subset_n512,30,clean,5,-1.9921875,0.37569109495451847,0
rpcf_minus_madry,thubenchmark,conformer,rpcf_at,pgd,subset_n512,30,robust,5,0.0,2.273524751332581,3
tnp_minus_same_subset_raw,thubenchmark,conformer,rpcf_at,pgd,subset_n512,30,robust,5,4.0625,1.4706914528919297,5
rpcf_minus_madry,thubenchmark,conformer,rpcf_at,cw,subset_n512,raw,clean,5,-0.703125,0.5956230735147229,0
rpcf_minus_madry,thubenchmark,conformer,rpcf_at,cw,subset_n512,raw,robust,5,0.0,0.0,0
rpcf_minus_madry,thubenchmark,conformer,rpcf_at,cw,subset_n512,25,clean,5,-0.546875,0.5055538713103431,0
tnp_minus_same_subset_raw,thubenchmark,conformer,rpcf_at,cw,subset_n512,25,clean,5,-2.34375,0.8286407592029854,0
rpcf_minus_madry,thubenchmark,conformer,rpcf_at,cw,subset_n512,25,robust,5,7.109375,4.623175183712691,5
tnp_minus_same_subset_raw,thubenchmark,conformer,rpcf_at,cw,subset_n512,25,robust,5,25.0,2.847144479904932,5
rpcf_minus_madry,thubenchmark,conformer,rpcf_at,cw,subset_n512,30,clean,5,-0.8984375,0.7763518325918668,0
tnp_minus_same_subset_raw,thubenchmark,conformer,rpcf_at,cw,subset_n512,30,clean,5,-1.9921875,0.37569109495451847,0
rpcf_minus_madry,thubenchmark,conformer,rpcf_at,cw,subset_n512,30,robust,5,5.6640625,4.966086771519969,5
tnp_minus_same_subset_raw,thubenchmark,conformer,rpcf_at,cw,subset_n512,30,robust,5,18.046875,2.457369685554938,5
tnp_minus_same_subset_raw,thubenchmark,tcnet,madry,autoattack,subset_n512,25,clean,5,-5.6640625,0.78125,0
tnp_minus_same_subset_raw,thubenchmark,tcnet,madry,autoattack,subset_n512,25,robust,5,16.796875,1.7249532942046575,5
tnp_minus_same_subset_raw,thubenchmark,tcnet,madry,autoattack,subset_n512,30,clean,5,-4.84375,0.9098292733478216,0
tnp_minus_same_subset_raw,thubenchmark,tcnet,madry,autoattack,subset_n512,30,robust,5,13.6328125,2.3776840302395628,5
tnp_minus_same_subset_raw,thubenchmark,tcnet,madry,fgsm,subset_n512,25,clean,5,-5.6640625,0.78125,0
tnp_minus_same_subset_raw,thubenchmark,tcnet,madry,fgsm,subset_n512,25,robust,5,2.890625,0.46630220259036415,5
tnp_minus_same_subset_raw,thubenchmark,tcnet,madry,fgsm,subset_n512,30,clean,5,-4.84375,0.9098292733478216,0
tnp_minus_same_subset_raw,thubenchmark,tcnet,madry,fgsm,subset_n512,30,robust,5,3.1640625,1.2536567606157196,5
tnp_minus_same_subset_raw,thubenchmark,tcnet,madry,pgd,subset_n512,25,clean,5,-5.6640625,0.78125,0
tnp_minus_same_subset_raw,thubenchmark,tcnet,madry,pgd,subset_n512,25,robust,5,6.40625,0.4234274099351328,5
tnp_minus_same_subset_raw,thubenchmark,tcnet,madry,pgd,subset_n512,30,clean,5,-4.84375,0.9098292733478216,0
tnp_minus_same_subset_raw,thubenchmark,tcnet,madry,pgd,subset_n512,30,robust,5,5.5078125,1.207151339090816,5
tnp_minus_same_subset_raw,thubenchmark,tcnet,madry,cw,subset_n512,25,clean,5,-5.6640625,0.78125,0
tnp_minus_same_subset_raw,thubenchmark,tcnet,madry,cw,subset_n512,25,robust,5,5.3515625,0.9427748739177476,5
tnp_minus_same_subset_raw,thubenchmark,tcnet,madry,cw,subset_n512,30,clean,5,-4.84375,0.9098292733478216,0
tnp_minus_same_subset_raw,thubenchmark,tcnet,madry,cw,subset_n512,30,robust,5,2.7734375,0.7981569039727558,5
rpcf_minus_madry,thubenchmark,tcnet,rpcf_at,autoattack,subset_n512,raw,clean,5,0.15625,1.2911323344561259,3
rpcf_minus_madry,thubenchmark,tcnet,rpcf_at,autoattack,subset_n512,raw,robust,5,0.9765625,1.5191747252054733,4
rpcf_minus_madry,thubenchmark,tcnet,rpcf_at,autoattack,subset_n512,25,clean,5,0.4296875,0.7981569039727558,2
tnp_minus_same_subset_raw,thubenchmark,tcnet,rpcf_at,autoattack,subset_n512,25,clean,5,-5.390625,1.0839403848055944,0
rpcf_minus_madry,thubenchmark,tcnet,rpcf_at,autoattack,subset_n512,25,robust,5,1.5234375,1.6188567019611015,4
tnp_minus_same_subset_raw,thubenchmark,tcnet,rpcf_at,autoattack,subset_n512,25,robust,5,17.34375,1.1992251119538087,5
rpcf_minus_madry,thubenchmark,tcnet,rpcf_at,autoattack,subset_n512,30,clean,5,1.015625,1.5465494449085277,4
tnp_minus_same_subset_raw,thubenchmark,tcnet,rpcf_at,autoattack,subset_n512,30,clean,5,-3.984375,0.8240243402237886,0
rpcf_minus_madry,thubenchmark,tcnet,rpcf_at,autoattack,subset_n512,30,robust,5,2.9296875,3.5291623046079397,3
tnp_minus_same_subset_raw,thubenchmark,tcnet,rpcf_at,autoattack,subset_n512,30,robust,5,15.5859375,2.5667064845311733,5
rpcf_minus_madry,thubenchmark,tcnet,rpcf_at,fgsm,subset_n512,raw,clean,5,0.15625,1.2911323344561259,3
rpcf_minus_madry,thubenchmark,tcnet,rpcf_at,fgsm,subset_n512,raw,robust,5,0.546875,1.1992251119538087,4
rpcf_minus_madry,thubenchmark,tcnet,rpcf_at,fgsm,subset_n512,25,clean,5,0.4296875,0.7981569039727558,2
tnp_minus_same_subset_raw,thubenchmark,tcnet,rpcf_at,fgsm,subset_n512,25,clean,5,-5.390625,1.0839403848055944,0
rpcf_minus_madry,thubenchmark,tcnet,rpcf_at,fgsm,subset_n512,25,robust,5,2.9296875,1.1637085242004868,5
tnp_minus_same_subset_raw,thubenchmark,tcnet,rpcf_at,fgsm,subset_n512,25,robust,5,5.2734375,1.8682740693075186,5
rpcf_minus_madry,thubenchmark,tcnet,rpcf_at,fgsm,subset_n512,30,clean,5,1.015625,1.5465494449085277,4
tnp_minus_same_subset_raw,thubenchmark,tcnet,rpcf_at,fgsm,subset_n512,30,clean,5,-3.984375,0.8240243402237886,0
rpcf_minus_madry,thubenchmark,tcnet,rpcf_at,fgsm,subset_n512,30,robust,5,2.2265625,2.879120900240753,3
tnp_minus_same_subset_raw,thubenchmark,tcnet,rpcf_at,fgsm,subset_n512,30,robust,5,4.84375,2.3453770394184494,5
rpcf_minus_madry,thubenchmark,tcnet,rpcf_at,pgd,subset_n512,raw,clean,5,0.15625,1.2911323344561259,3
rpcf_minus_madry,thubenchmark,tcnet,rpcf_at,pgd,subset_n512,raw,robust,5,-0.3125,1.8508371469503333,2
rpcf_minus_madry,thubenchmark,tcnet,rpcf_at,pgd,subset_n512,25,clean,5,0.4296875,0.7981569039727558,2
tnp_minus_same_subset_raw,thubenchmark,tcnet,rpcf_at,pgd,subset_n512,25,clean,5,-5.390625,1.0839403848055944,0
rpcf_minus_madry,thubenchmark,tcnet,rpcf_at,pgd,subset_n512,25,robust,5,2.5390625,3.0757843257858637,4
tnp_minus_same_subset_raw,thubenchmark,tcnet,rpcf_at,pgd,subset_n512,25,robust,5,9.2578125,2.7119617121421533,5
rpcf_minus_madry,thubenchmark,tcnet,rpcf_at,pgd,subset_n512,30,clean,5,1.015625,1.5465494449085277,4
tnp_minus_same_subset_raw,thubenchmark,tcnet,rpcf_at,pgd,subset_n512,30,clean,5,-3.984375,0.8240243402237886,0
rpcf_minus_madry,thubenchmark,tcnet,rpcf_at,pgd,subset_n512,30,robust,5,2.6171875,2.743428093659122,3
tnp_minus_same_subset_raw,thubenchmark,tcnet,rpcf_at,pgd,subset_n512,30,robust,5,8.4375,3.089396795265016,5
rpcf_minus_madry,thubenchmark,tcnet,rpcf_at,cw,subset_n512,raw,clean,5,0.15625,1.2911323344561259,3
rpcf_minus_madry,thubenchmark,tcnet,rpcf_at,cw,subset_n512,raw,robust,5,0.0,0.6623369124145769,3
rpcf_minus_madry,thubenchmark,tcnet,rpcf_at,cw,subset_n512,25,clean,5,0.4296875,0.7981569039727558,2
tnp_minus_same_subset_raw,thubenchmark,tcnet,rpcf_at,cw,subset_n512,25,clean,5,-5.390625,1.0839403848055944,0
rpcf_minus_madry,thubenchmark,tcnet,rpcf_at,cw,subset_n512,25,robust,5,-0.5859375,0.956831930774679,1
tnp_minus_same_subset_raw,thubenchmark,tcnet,rpcf_at,cw,subset_n512,25,robust,5,4.765625,0.38073415409410016,5
rpcf_minus_madry,thubenchmark,tcnet,rpcf_at,cw,subset_n512,30,clean,5,1.015625,1.5465494449085277,4
tnp_minus_same_subset_raw,thubenchmark,tcnet,rpcf_at,cw,subset_n512,30,clean,5,-3.984375,0.8240243402237886,0
rpcf_minus_madry,thubenchmark,tcnet,rpcf_at,cw,subset_n512,30,robust,5,-0.5859375,0.9468124721516268,1
tnp_minus_same_subset_raw,thubenchmark,tcnet,rpcf_at,cw,subset_n512,30,robust,5,2.1875,0.6960363156720883,5
tnp_minus_same_subset_raw,seediv,eegnet,madry,autoattack,subset_n512,25,clean,5,-0.1171875,0.5277053158635272,2
tnp_minus_same_subset_raw,seediv,eegnet,madry,autoattack,subset_n512,25,robust,5,4.2578125,1.7868692205441687,5
tnp_minus_same_subset_raw,seediv,eegnet,madry,autoattack,subset_n512,30,clean,5,-0.1171875,0.5277053158635272,3
tnp_minus_same_subset_raw,seediv,eegnet,madry,autoattack,subset_n512,30,robust,5,3.3203125,2.2609056450762157,5
tnp_minus_same_subset_raw,seediv,eegnet,madry,fgsm,subset_n512,25,clean,5,-0.1171875,0.5277053158635272,2
tnp_minus_same_subset_raw,seediv,eegnet,madry,fgsm,subset_n512,25,robust,5,0.703125,0.2962060720332637,5
tnp_minus_same_subset_raw,seediv,eegnet,madry,fgsm,subset_n512,30,clean,5,-0.1171875,0.5277053158635272,3
tnp_minus_same_subset_raw,seediv,eegnet,madry,fgsm,subset_n512,30,robust,5,0.546875,0.37569109495451847,4
tnp_minus_same_subset_raw,seediv,eegnet,madry,pgd,subset_n512,25,clean,5,-0.1171875,0.5277053158635272,2
tnp_minus_same_subset_raw,seediv,eegnet,madry,pgd,subset_n512,25,robust,5,0.9375,0.48632420304643487,5
tnp_minus_same_subset_raw,seediv,eegnet,madry,pgd,subset_n512,30,clean,5,-0.1171875,0.5277053158635272,3
tnp_minus_same_subset_raw,seediv,eegnet,madry,pgd,subset_n512,30,robust,5,0.8203125,0.44538102542935076,5
tnp_minus_same_subset_raw,seediv,eegnet,madry,cw,subset_n512,25,clean,5,-0.1171875,0.5277053158635272,2
tnp_minus_same_subset_raw,seediv,eegnet,madry,cw,subset_n512,25,robust,5,1.1328125,1.0092195845909229,5
tnp_minus_same_subset_raw,seediv,eegnet,madry,cw,subset_n512,30,clean,5,-0.1171875,0.5277053158635272,3
tnp_minus_same_subset_raw,seediv,eegnet,madry,cw,subset_n512,30,robust,5,0.3125,0.2962060720332637,4
rpcf_minus_madry,seediv,eegnet,rpcf_at,autoattack,subset_n512,raw,clean,5,2.7734375,1.215025860546546,5
rpcf_minus_madry,seediv,eegnet,rpcf_at,autoattack,subset_n512,raw,robust,5,2.8515625,3.697033987230084,3
rpcf_minus_madry,seediv,eegnet,rpcf_at,autoattack,subset_n512,25,clean,5,3.2421875,1.6317655136097986,5
tnp_minus_same_subset_raw,seediv,eegnet,rpcf_at,autoattack,subset_n512,25,clean,5,0.3515625,0.6388838763201612,3
rpcf_minus_madry,seediv,eegnet,rpcf_at,autoattack,subset_n512,25,robust,5,6.796875,6.43405740777641,4
tnp_minus_same_subset_raw,seediv,eegnet,rpcf_at,autoattack,subset_n512,25,robust,5,8.203125,1.708286687942959,5
rpcf_minus_madry,seediv,eegnet,rpcf_at,autoattack,subset_n512,30,clean,5,3.0859375,1.9056735808828855,5
tnp_minus_same_subset_raw,seediv,eegnet,rpcf_at,autoattack,subset_n512,30,clean,5,0.1953125,1.0334966058846058,2
rpcf_minus_madry,seediv,eegnet,rpcf_at,autoattack,subset_n512,30,robust,5,7.03125,6.449749892952488,4
tnp_minus_same_subset_raw,seediv,eegnet,rpcf_at,autoattack,subset_n512,30,robust,5,7.5,1.3783030284669804,5
rpcf_minus_madry,seediv,eegnet,rpcf_at,fgsm,subset_n512,raw,clean,5,2.7734375,1.215025860546546,5
rpcf_minus_madry,seediv,eegnet,rpcf_at,fgsm,subset_n512,raw,robust,5,2.3046875,3.318588706944471,3
rpcf_minus_madry,seediv,eegnet,rpcf_at,fgsm,subset_n512,25,clean,5,3.2421875,1.6317655136097986,5
tnp_minus_same_subset_raw,seediv,eegnet,rpcf_at,fgsm,subset_n512,25,clean,5,0.3515625,0.6388838763201612,3
rpcf_minus_madry,seediv,eegnet,rpcf_at,fgsm,subset_n512,25,robust,5,4.21875,4.362076335982384,4
tnp_minus_same_subset_raw,seediv,eegnet,rpcf_at,fgsm,subset_n512,25,robust,5,2.6171875,1.118579770568465,5
rpcf_minus_madry,seediv,eegnet,rpcf_at,fgsm,subset_n512,30,clean,5,3.0859375,1.9056735808828855,5
tnp_minus_same_subset_raw,seediv,eegnet,rpcf_at,fgsm,subset_n512,30,clean,5,0.1953125,1.0334966058846058,2
rpcf_minus_madry,seediv,eegnet,rpcf_at,fgsm,subset_n512,30,robust,5,3.5546875,4.2012622208149395,4
tnp_minus_same_subset_raw,seediv,eegnet,rpcf_at,fgsm,subset_n512,30,robust,5,1.796875,1.6305962081829533,5
rpcf_minus_madry,seediv,eegnet,rpcf_at,pgd,subset_n512,raw,clean,5,2.7734375,1.215025860546546,5
rpcf_minus_madry,seediv,eegnet,rpcf_at,pgd,subset_n512,raw,robust,5,2.578125,3.09248218182771,3
rpcf_minus_madry,seediv,eegnet,rpcf_at,pgd,subset_n512,25,clean,5,3.2421875,1.6317655136097986,5
tnp_minus_same_subset_raw,seediv,eegnet,rpcf_at,pgd,subset_n512,25,clean,5,0.3515625,0.6388838763201612,3
rpcf_minus_madry,seediv,eegnet,rpcf_at,pgd,subset_n512,25,robust,5,3.8671875,3.9821723384608965,4
tnp_minus_same_subset_raw,seediv,eegnet,rpcf_at,pgd,subset_n512,25,robust,5,2.2265625,0.8580422904878436,5
rpcf_minus_madry,seediv,eegnet,rpcf_at,pgd,subset_n512,30,clean,5,3.0859375,1.9056735808828855,5
tnp_minus_same_subset_raw,seediv,eegnet,rpcf_at,pgd,subset_n512,30,clean,5,0.1953125,1.0334966058846058,2
rpcf_minus_madry,seediv,eegnet,rpcf_at,pgd,subset_n512,30,robust,5,3.2421875,4.116879880585767,4
tnp_minus_same_subset_raw,seediv,eegnet,rpcf_at,pgd,subset_n512,30,robust,5,1.484375,1.4524212845764224,5
rpcf_minus_madry,seediv,eegnet,rpcf_at,cw,subset_n512,raw,clean,5,2.7734375,1.215025860546546,5
rpcf_minus_madry,seediv,eegnet,rpcf_at,cw,subset_n512,raw,robust,5,-2.421875,2.822248729404444,0
rpcf_minus_madry,seediv,eegnet,rpcf_at,cw,subset_n512,25,clean,5,3.2421875,1.6317655136097986,5
tnp_minus_same_subset_raw,seediv,eegnet,rpcf_at,cw,subset_n512,25,clean,5,0.3515625,0.6388838763201612,3
rpcf_minus_madry,seediv,eegnet,rpcf_at,cw,subset_n512,25,robust,5,-1.0546875,2.2166032748611104,2
tnp_minus_same_subset_raw,seediv,eegnet,rpcf_at,cw,subset_n512,25,robust,5,2.5,0.48632420304643487,5
rpcf_minus_madry,seediv,eegnet,rpcf_at,cw,subset_n512,30,clean,5,3.0859375,1.9056735808828855,5
tnp_minus_same_subset_raw,seediv,eegnet,rpcf_at,cw,subset_n512,30,clean,5,0.1953125,1.0334966058846058,2
rpcf_minus_madry,seediv,eegnet,rpcf_at,cw,subset_n512,30,robust,5,-2.109375,2.6471869743093563,0
tnp_minus_same_subset_raw,seediv,eegnet,rpcf_at,cw,subset_n512,30,robust,5,0.625,0.40027151429529684,5
tnp_minus_same_subset_raw,seediv,deepconvnet,madry,autoattack,subset_n512,25,clean,5,-2.4609375,1.1270732848635554,0
tnp_minus_same_subset_raw,seediv,deepconvnet,madry,autoattack,subset_n512,25,robust,5,9.296875,1.4654946470550054,5
tnp_minus_same_subset_raw,seediv,deepconvnet,madry,autoattack,subset_n512,30,clean,5,-1.953125,1.1799849583588449,0
tnp_minus_same_subset_raw,seediv,deepconvnet,madry,autoattack,subset_n512,30,robust,5,8.75,1.0821793107183648,5
tnp_minus_same_subset_raw,seediv,deepconvnet,madry,fgsm,subset_n512,25,clean,5,-2.4609375,1.1270732848635554,0
tnp_minus_same_subset_raw,seediv,deepconvnet,madry,fgsm,subset_n512,25,robust,5,1.953125,1.9482360686777347,4
tnp_minus_same_subset_raw,seediv,deepconvnet,madry,fgsm,subset_n512,30,clean,5,-1.953125,1.1799849583588449,0
tnp_minus_same_subset_raw,seediv,deepconvnet,madry,fgsm,subset_n512,30,robust,5,2.1875,0.9098292733478216,5
tnp_minus_same_subset_raw,seediv,deepconvnet,madry,pgd,subset_n512,25,clean,5,-2.4609375,1.1270732848635554,0
tnp_minus_same_subset_raw,seediv,deepconvnet,madry,pgd,subset_n512,25,robust,5,2.4609375,1.8611139452455618,4
tnp_minus_same_subset_raw,seediv,deepconvnet,madry,pgd,subset_n512,30,clean,5,-1.953125,1.1799849583588449,0
tnp_minus_same_subset_raw,seediv,deepconvnet,madry,pgd,subset_n512,30,robust,5,2.34375,1.1799849583588449,5
tnp_minus_same_subset_raw,seediv,deepconvnet,madry,cw,subset_n512,25,clean,5,-2.4609375,1.1270732848635554,0
tnp_minus_same_subset_raw,seediv,deepconvnet,madry,cw,subset_n512,25,robust,5,10.234375,3.3191634041012503,5
tnp_minus_same_subset_raw,seediv,deepconvnet,madry,cw,subset_n512,30,clean,5,-1.953125,1.1799849583588449,0
tnp_minus_same_subset_raw,seediv,deepconvnet,madry,cw,subset_n512,30,robust,5,6.9140625,3.2288647582320826,5
rpcf_minus_madry,seediv,deepconvnet,rpcf_at,autoattack,subset_n512,raw,clean,5,1.0546875,1.5291858696143268,3
rpcf_minus_madry,seediv,deepconvnet,rpcf_at,autoattack,subset_n512,raw,robust,5,-3.3203125,1.8059806649323173,0
rpcf_minus_madry,seediv,deepconvnet,rpcf_at,autoattack,subset_n512,25,clean,5,1.2890625,1.980279977443215,4
tnp_minus_same_subset_raw,seediv,deepconvnet,rpcf_at,autoattack,subset_n512,25,clean,5,-2.2265625,0.7639690318596853,0
rpcf_minus_madry,seediv,deepconvnet,rpcf_at,autoattack,subset_n512,25,robust,5,-0.5078125,1.4057073605817643,1
tnp_minus_same_subset_raw,seediv,deepconvnet,rpcf_at,autoattack,subset_n512,25,robust,5,12.109375,1.0054326309557617,5
rpcf_minus_madry,seediv,deepconvnet,rpcf_at,autoattack,subset_n512,30,clean,5,1.09375,2.046591702723396,3
tnp_minus_same_subset_raw,seediv,deepconvnet,rpcf_at,autoattack,subset_n512,30,clean,5,-1.9140625,0.7096055517415996,0
rpcf_minus_madry,seediv,deepconvnet,rpcf_at,autoattack,subset_n512,30,robust,5,-1.25,1.4784524115449658,1
tnp_minus_same_subset_raw,seediv,deepconvnet,rpcf_at,autoattack,subset_n512,30,robust,5,10.8203125,1.4654946470550054,5
rpcf_minus_madry,seediv,deepconvnet,rpcf_at,fgsm,subset_n512,raw,clean,5,1.0546875,1.5291858696143268,3
rpcf_minus_madry,seediv,deepconvnet,rpcf_at,fgsm,subset_n512,raw,robust,5,-2.6953125,2.054962255869162,0
rpcf_minus_madry,seediv,deepconvnet,rpcf_at,fgsm,subset_n512,25,clean,5,1.2890625,1.980279977443215,4
tnp_minus_same_subset_raw,seediv,deepconvnet,rpcf_at,fgsm,subset_n512,25,clean,5,-2.2265625,0.7639690318596853,0
rpcf_minus_madry,seediv,deepconvnet,rpcf_at,fgsm,subset_n512,25,robust,5,-0.46875,1.3503426576127817,3
tnp_minus_same_subset_raw,seediv,deepconvnet,rpcf_at,fgsm,subset_n512,25,robust,5,4.1796875,0.5956230735147229,5
rpcf_minus_madry,seediv,deepconvnet,rpcf_at,fgsm,subset_n512,30,clean,5,1.09375,2.046591702723396,3
tnp_minus_same_subset_raw,seediv,deepconvnet,rpcf_at,fgsm,subset_n512,30,clean,5,-1.9140625,0.7096055517415996,0
rpcf_minus_madry,seediv,deepconvnet,rpcf_at,fgsm,subset_n512,30,robust,5,-1.2890625,0.6709204702077214,0
tnp_minus_same_subset_raw,seediv,deepconvnet,rpcf_at,fgsm,subset_n512,30,robust,5,3.59375,0.9427748739177476,5
rpcf_minus_madry,seediv,deepconvnet,rpcf_at,pgd,subset_n512,raw,clean,5,1.0546875,1.5291858696143268,3
rpcf_minus_madry,seediv,deepconvnet,rpcf_at,pgd,subset_n512,raw,robust,5,-2.9296875,1.6970846872053484,0
rpcf_minus_madry,seediv,deepconvnet,rpcf_at,pgd,subset_n512,25,clean,5,1.2890625,1.980279977443215,4
tnp_minus_same_subset_raw,seediv,deepconvnet,rpcf_at,pgd,subset_n512,25,clean,5,-2.2265625,0.7639690318596853,0
rpcf_minus_madry,seediv,deepconvnet,rpcf_at,pgd,subset_n512,25,robust,5,-0.703125,1.2551772666452834,2
tnp_minus_same_subset_raw,seediv,deepconvnet,rpcf_at,pgd,subset_n512,25,robust,5,4.6875,0.9468124721516268,5
rpcf_minus_madry,seediv,deepconvnet,rpcf_at,pgd,subset_n512,30,clean,5,1.09375,2.046591702723396,3
tnp_minus_same_subset_raw,seediv,deepconvnet,rpcf_at,pgd,subset_n512,30,clean,5,-1.9140625,0.7096055517415996,0
rpcf_minus_madry,seediv,deepconvnet,rpcf_at,pgd,subset_n512,30,robust,5,-0.5859375,1.1637085242004868,1
tnp_minus_same_subset_raw,seediv,deepconvnet,rpcf_at,pgd,subset_n512,30,robust,5,4.6875,0.6477782793662891,5
rpcf_minus_madry,seediv,deepconvnet,rpcf_at,cw,subset_n512,raw,clean,5,1.0546875,1.5291858696143268,3
rpcf_minus_madry,seediv,deepconvnet,rpcf_at,cw,subset_n512,raw,robust,5,0.15625,0.16341016143243664,3
rpcf_minus_madry,seediv,deepconvnet,rpcf_at,cw,subset_n512,25,clean,5,1.2890625,1.980279977443215,4
tnp_minus_same_subset_raw,seediv,deepconvnet,rpcf_at,cw,subset_n512,25,clean,5,-2.2265625,0.7639690318596853,0
rpcf_minus_madry,seediv,deepconvnet,rpcf_at,cw,subset_n512,25,robust,5,-1.640625,2.0325641782418273,1
tnp_minus_same_subset_raw,seediv,deepconvnet,rpcf_at,cw,subset_n512,25,robust,5,8.4375,3.2576813522763013,5
rpcf_minus_madry,seediv,deepconvnet,rpcf_at,cw,subset_n512,30,clean,5,1.09375,2.046591702723396,3
tnp_minus_same_subset_raw,seediv,deepconvnet,rpcf_at,cw,subset_n512,30,clean,5,-1.9140625,0.7096055517415996,0
rpcf_minus_madry,seediv,deepconvnet,rpcf_at,cw,subset_n512,30,robust,5,-1.0546875,1.7718622546940197,1
tnp_minus_same_subset_raw,seediv,deepconvnet,rpcf_at,cw,subset_n512,30,robust,5,5.703125,2.690070763547053,5
tnp_minus_same_subset_raw,seediv,tsception,madry,autoattack,subset_n512,25,clean,5,-1.3671875,1.6164985700436376,1
tnp_minus_same_subset_raw,seediv,tsception,madry,autoattack,subset_n512,25,robust,5,10.3125,1.073330598752663,5
tnp_minus_same_subset_raw,seediv,tsception,madry,autoattack,subset_n512,30,clean,5,-0.9765625,1.4680953494504794,1
tnp_minus_same_subset_raw,seediv,tsception,madry,autoattack,subset_n512,30,robust,5,9.921875,1.1338222870078118,5
tnp_minus_same_subset_raw,seediv,tsception,madry,fgsm,subset_n512,25,clean,5,-1.3671875,1.6164985700436376,1
tnp_minus_same_subset_raw,seediv,tsception,madry,fgsm,subset_n512,25,robust,5,1.40625,2.337230515883061,4
tnp_minus_same_subset_raw,seediv,tsception,madry,fgsm,subset_n512,30,clean,5,-0.9765625,1.4680953494504794,1
tnp_minus_same_subset_raw,seediv,tsception,madry,fgsm,subset_n512,30,robust,5,1.328125,1.2228496751951974,4
tnp_minus_same_subset_raw,seediv,tsception,madry,pgd,subset_n512,25,clean,5,-1.3671875,1.6164985700436376,1
tnp_minus_same_subset_raw,seediv,tsception,madry,pgd,subset_n512,25,robust,5,2.265625,2.0089673235349674,5
tnp_minus_same_subset_raw,seediv,tsception,madry,pgd,subset_n512,30,clean,5,-0.9765625,1.4680953494504794,1
tnp_minus_same_subset_raw,seediv,tsception,madry,pgd,subset_n512,30,robust,5,2.3046875,1.3058214570661546,5
tnp_minus_same_subset_raw,seediv,tsception,madry,cw,subset_n512,25,clean,5,-1.3671875,1.6164985700436376,1
tnp_minus_same_subset_raw,seediv,tsception,madry,cw,subset_n512,25,robust,5,3.203125,0.9427748739177476,5
tnp_minus_same_subset_raw,seediv,tsception,madry,cw,subset_n512,30,clean,5,-0.9765625,1.4680953494504794,1
tnp_minus_same_subset_raw,seediv,tsception,madry,cw,subset_n512,30,robust,5,0.8984375,0.42790824805091104,5
rpcf_minus_madry,seediv,tsception,rpcf_at,autoattack,subset_n512,raw,clean,5,0.703125,1.5843202961463474,3
rpcf_minus_madry,seediv,tsception,rpcf_at,autoattack,subset_n512,raw,robust,5,-0.625,0.16341016143243664,0
rpcf_minus_madry,seediv,tsception,rpcf_at,autoattack,subset_n512,25,clean,5,1.09375,2.4378880900984257,3
tnp_minus_same_subset_raw,seediv,tsception,rpcf_at,autoattack,subset_n512,25,clean,5,-0.9765625,2.5390625,2
rpcf_minus_madry,seediv,tsception,rpcf_at,autoattack,subset_n512,25,robust,5,0.5078125,1.8038671701591902,2
tnp_minus_same_subset_raw,seediv,tsception,rpcf_at,autoattack,subset_n512,25,robust,5,11.4453125,2.0972233899290806,5
rpcf_minus_madry,seediv,tsception,rpcf_at,autoattack,subset_n512,30,clean,5,0.9765625,2.523993746742204,2
tnp_minus_same_subset_raw,seediv,tsception,rpcf_at,autoattack,subset_n512,30,clean,5,-0.703125,2.0042146144320783,2
rpcf_minus_madry,seediv,tsception,rpcf_at,autoattack,subset_n512,30,robust,5,-0.390625,1.0697706201272776,2
tnp_minus_same_subset_raw,seediv,tsception,rpcf_at,autoattack,subset_n512,30,robust,5,10.15625,1.2955565587325781,5
rpcf_minus_madry,seediv,tsception,rpcf_at,fgsm,subset_n512,raw,clean,5,0.703125,1.5843202961463474,3
rpcf_minus_madry,seediv,tsception,rpcf_at,fgsm,subset_n512,raw,robust,5,-0.6640625,0.6987712429686843,1
rpcf_minus_madry,seediv,tsception,rpcf_at,fgsm,subset_n512,25,clean,5,1.09375,2.4378880900984257,3
tnp_minus_same_subset_raw,seediv,tsception,rpcf_at,fgsm,subset_n512,25,clean,5,-0.9765625,2.5390625,2
rpcf_minus_madry,seediv,tsception,rpcf_at,fgsm,subset_n512,25,robust,5,0.703125,2.492052798083841,3
tnp_minus_same_subset_raw,seediv,tsception,rpcf_at,fgsm,subset_n512,25,robust,5,2.7734375,1.5216836859986294,5
rpcf_minus_madry,seediv,tsception,rpcf_at,fgsm,subset_n512,30,clean,5,0.9765625,2.523993746742204,2
tnp_minus_same_subset_raw,seediv,tsception,rpcf_at,fgsm,subset_n512,30,clean,5,-0.703125,2.0042146144320783,2
rpcf_minus_madry,seediv,tsception,rpcf_at,fgsm,subset_n512,30,robust,5,0.7421875,1.215025860546546,3
tnp_minus_same_subset_raw,seediv,tsception,rpcf_at,fgsm,subset_n512,30,robust,5,2.734375,1.2881744099875898,5
rpcf_minus_madry,seediv,tsception,rpcf_at,pgd,subset_n512,raw,clean,5,0.703125,1.5843202961463474,3
rpcf_minus_madry,seediv,tsception,rpcf_at,pgd,subset_n512,raw,robust,5,-0.8984375,1.2475562048961963,1
rpcf_minus_madry,seediv,tsception,rpcf_at,pgd,subset_n512,25,clean,5,1.09375,2.4378880900984257,3
tnp_minus_same_subset_raw,seediv,tsception,rpcf_at,pgd,subset_n512,25,clean,5,-0.9765625,2.5390625,2
rpcf_minus_madry,seediv,tsception,rpcf_at,pgd,subset_n512,25,robust,5,0.5078125,1.951170897459715,3
tnp_minus_same_subset_raw,seediv,tsception,rpcf_at,pgd,subset_n512,25,robust,5,3.671875,1.0463355653108495,5
rpcf_minus_madry,seediv,tsception,rpcf_at,pgd,subset_n512,30,clean,5,0.9765625,2.523993746742204,2
tnp_minus_same_subset_raw,seediv,tsception,rpcf_at,pgd,subset_n512,30,clean,5,-0.703125,2.0042146144320783,2
rpcf_minus_madry,seediv,tsception,rpcf_at,pgd,subset_n512,30,robust,5,0.3125,0.9824044015593196,2
tnp_minus_same_subset_raw,seediv,tsception,rpcf_at,pgd,subset_n512,30,robust,5,3.515625,1.3460985109463106,5
rpcf_minus_madry,seediv,tsception,rpcf_at,cw,subset_n512,raw,clean,5,0.703125,1.5843202961463474,3
rpcf_minus_madry,seediv,tsception,rpcf_at,cw,subset_n512,raw,robust,5,-0.15625,0.37569109495451847,1
rpcf_minus_madry,seediv,tsception,rpcf_at,cw,subset_n512,25,clean,5,1.09375,2.4378880900984257,3
tnp_minus_same_subset_raw,seediv,tsception,rpcf_at,cw,subset_n512,25,clean,5,-0.9765625,2.5390625,2
rpcf_minus_madry,seediv,tsception,rpcf_at,cw,subset_n512,25,robust,5,0.6640625,1.4524212845764224,3
tnp_minus_same_subset_raw,seediv,tsception,rpcf_at,cw,subset_n512,25,robust,5,4.0234375,1.9560524935241066,5
rpcf_minus_madry,seediv,tsception,rpcf_at,cw,subset_n512,30,clean,5,0.9765625,2.523993746742204,2
tnp_minus_same_subset_raw,seediv,tsception,rpcf_at,cw,subset_n512,30,clean,5,-0.703125,2.0042146144320783,2
rpcf_minus_madry,seediv,tsception,rpcf_at,cw,subset_n512,30,robust,5,0.078125,0.7885402046166543,3
tnp_minus_same_subset_raw,seediv,tsception,rpcf_at,cw,subset_n512,30,robust,5,1.1328125,0.844599543376549,4
tnp_minus_same_subset_raw,seediv,atcnet,madry,autoattack,subset_n512,25,clean,5,-1.71875,2.498931656494056,1
tnp_minus_same_subset_raw,seediv,atcnet,madry,autoattack,subset_n512,25,robust,5,8.5546875,1.8133584981929938,5
tnp_minus_same_subset_raw,seediv,atcnet,madry,autoattack,subset_n512,30,clean,5,-0.9375,2.0269259865811886,1
tnp_minus_same_subset_raw,seediv,atcnet,madry,autoattack,subset_n512,30,robust,5,7.9296875,1.4848888913084541,5
tnp_minus_same_subset_raw,seediv,atcnet,madry,fgsm,subset_n512,25,clean,5,-1.71875,2.498931656494056,1
tnp_minus_same_subset_raw,seediv,atcnet,madry,fgsm,subset_n512,25,robust,5,1.25,1.6375995168948894,3
tnp_minus_same_subset_raw,seediv,atcnet,madry,fgsm,subset_n512,30,clean,5,-0.9375,2.0269259865811886,1
tnp_minus_same_subset_raw,seediv,atcnet,madry,fgsm,subset_n512,30,robust,5,1.09375,1.4392291739797296,4
tnp_minus_same_subset_raw,seediv,atcnet,madry,pgd,subset_n512,25,clean,5,-1.71875,2.498931656494056,1
tnp_minus_same_subset_raw,seediv,atcnet,madry,pgd,subset_n512,25,robust,5,1.5234375,1.6247370580535485,4
tnp_minus_same_subset_raw,seediv,atcnet,madry,pgd,subset_n512,30,clean,5,-0.9375,2.0269259865811886,1
tnp_minus_same_subset_raw,seediv,atcnet,madry,pgd,subset_n512,30,robust,5,1.015625,1.33471480963046,4
tnp_minus_same_subset_raw,seediv,atcnet,madry,cw,subset_n512,25,clean,5,-1.71875,2.498931656494056,1
tnp_minus_same_subset_raw,seediv,atcnet,madry,cw,subset_n512,25,robust,5,2.8125,1.5040330709514418,5
tnp_minus_same_subset_raw,seediv,atcnet,madry,cw,subset_n512,30,clean,5,-0.9375,2.0269259865811886,1
tnp_minus_same_subset_raw,seediv,atcnet,madry,cw,subset_n512,30,robust,5,0.9765625,0.4979511243742954,5
rpcf_minus_madry,seediv,atcnet,rpcf_at,autoattack,subset_n512,raw,clean,5,-0.703125,1.8353140563802357,2
rpcf_minus_madry,seediv,atcnet,rpcf_at,autoattack,subset_n512,raw,robust,5,0.15625,0.7229201376297557,3
rpcf_minus_madry,seediv,atcnet,rpcf_at,autoattack,subset_n512,25,clean,5,0.4296875,1.1083016374305552,3
tnp_minus_same_subset_raw,seediv,atcnet,rpcf_at,autoattack,subset_n512,25,clean,5,-0.5859375,2.2140203220223893,2
rpcf_minus_madry,seediv,atcnet,rpcf_at,autoattack,subset_n512,25,robust,5,2.1875,1.3629958064349923,4
tnp_minus_same_subset_raw,seediv,atcnet,rpcf_at,autoattack,subset_n512,25,robust,5,10.5859375,3.4482475805767088,5
rpcf_minus_madry,seediv,atcnet,rpcf_at,autoattack,subset_n512,30,clean,5,0.3515625,0.8886182160997911,3
tnp_minus_same_subset_raw,seediv,atcnet,rpcf_at,autoattack,subset_n512,30,clean,5,0.1171875,2.0231584629029,3
rpcf_minus_madry,seediv,atcnet,rpcf_at,autoattack,subset_n512,30,robust,5,2.03125,2.124332098621676,4
tnp_minus_same_subset_raw,seediv,atcnet,rpcf_at,autoattack,subset_n512,30,robust,5,9.8046875,3.76553179993585,5
rpcf_minus_madry,seediv,atcnet,rpcf_at,fgsm,subset_n512,raw,clean,5,-0.703125,1.8353140563802357,2
rpcf_minus_madry,seediv,atcnet,rpcf_at,fgsm,subset_n512,raw,robust,5,-0.4296875,1.0554106317270544,2
rpcf_minus_madry,seediv,atcnet,rpcf_at,fgsm,subset_n512,25,clean,5,0.4296875,1.1083016374305552,3
tnp_minus_same_subset_raw,seediv,atcnet,rpcf_at,fgsm,subset_n512,25,clean,5,-0.5859375,2.2140203220223893,2
rpcf_minus_madry,seediv,atcnet,rpcf_at,fgsm,subset_n512,25,robust,5,0.6640625,1.7772364321995822,4
tnp_minus_same_subset_raw,seediv,atcnet,rpcf_at,fgsm,subset_n512,25,robust,5,2.34375,1.3531646934131853,5
rpcf_minus_madry,seediv,atcnet,rpcf_at,fgsm,subset_n512,30,clean,5,0.3515625,0.8886182160997911,3
tnp_minus_same_subset_raw,seediv,atcnet,rpcf_at,fgsm,subset_n512,30,clean,5,0.1171875,2.0231584629029,3
rpcf_minus_madry,seediv,atcnet,rpcf_at,fgsm,subset_n512,30,robust,5,0.5078125,1.092703182085888,2
tnp_minus_same_subset_raw,seediv,atcnet,rpcf_at,fgsm,subset_n512,30,robust,5,2.03125,0.8580422904878436,5
rpcf_minus_madry,seediv,atcnet,rpcf_at,pgd,subset_n512,raw,clean,5,-0.703125,1.8353140563802357,2
rpcf_minus_madry,seediv,atcnet,rpcf_at,pgd,subset_n512,raw,robust,5,-0.3515625,1.1083016374305552,2
rpcf_minus_madry,seediv,atcnet,rpcf_at,pgd,subset_n512,25,clean,5,0.4296875,1.1083016374305552,3
tnp_minus_same_subset_raw,seediv,atcnet,rpcf_at,pgd,subset_n512,25,clean,5,-0.5859375,2.2140203220223893,2
rpcf_minus_madry,seediv,atcnet,rpcf_at,pgd,subset_n512,25,robust,5,0.5078125,1.2398883006331154,3
tnp_minus_same_subset_raw,seediv,atcnet,rpcf_at,pgd,subset_n512,25,robust,5,2.3828125,1.2762741603675423,5
rpcf_minus_madry,seediv,atcnet,rpcf_at,pgd,subset_n512,30,clean,5,0.3515625,0.8886182160997911,3
tnp_minus_same_subset_raw,seediv,atcnet,rpcf_at,pgd,subset_n512,30,clean,5,0.1171875,2.0231584629029,3
rpcf_minus_madry,seediv,atcnet,rpcf_at,pgd,subset_n512,30,robust,5,0.859375,1.118579770568465,4
tnp_minus_same_subset_raw,seediv,atcnet,rpcf_at,pgd,subset_n512,30,robust,5,2.2265625,0.6565521997645161,5
rpcf_minus_madry,seediv,atcnet,rpcf_at,cw,subset_n512,raw,clean,5,-0.703125,1.8353140563802357,2
rpcf_minus_madry,seediv,atcnet,rpcf_at,cw,subset_n512,raw,robust,5,-0.078125,0.17469281074217108,0
rpcf_minus_madry,seediv,atcnet,rpcf_at,cw,subset_n512,25,clean,5,0.4296875,1.1083016374305552,3
tnp_minus_same_subset_raw,seediv,atcnet,rpcf_at,cw,subset_n512,25,clean,5,-0.5859375,2.2140203220223893,2
rpcf_minus_madry,seediv,atcnet,rpcf_at,cw,subset_n512,25,robust,5,0.9375,0.866888321139537,4
tnp_minus_same_subset_raw,seediv,atcnet,rpcf_at,cw,subset_n512,25,robust,5,3.828125,2.3461901360070705,5
rpcf_minus_madry,seediv,atcnet,rpcf_at,cw,subset_n512,30,clean,5,0.3515625,0.8886182160997911,3
tnp_minus_same_subset_raw,seediv,atcnet,rpcf_at,cw,subset_n512,30,clean,5,0.1171875,2.0231584629029,3
rpcf_minus_madry,seediv,atcnet,rpcf_at,cw,subset_n512,30,robust,5,0.7421875,0.9901399887216075,3
tnp_minus_same_subset_raw,seediv,atcnet,rpcf_at,cw,subset_n512,30,robust,5,1.796875,1.5951185147730795,4
tnp_minus_same_subset_raw,seediv,conformer,madry,autoattack,subset_n512,25,clean,5,-15.4296875,2.5911131174651563,0
tnp_minus_same_subset_raw,seediv,conformer,madry,autoattack,subset_n512,25,robust,5,11.171875,3.610376788735578,5
tnp_minus_same_subset_raw,seediv,conformer,madry,autoattack,subset_n512,30,clean,5,-11.5625,2.6399719514223774,0
tnp_minus_same_subset_raw,seediv,conformer,madry,autoattack,subset_n512,30,robust,5,13.7890625,2.9575498017917004,5
tnp_minus_same_subset_raw,seediv,conformer,madry,fgsm,subset_n512,25,clean,5,-15.4296875,2.5911131174651563,0
tnp_minus_same_subset_raw,seediv,conformer,madry,fgsm,subset_n512,25,robust,5,0.703125,3.071440433720085,3
tnp_minus_same_subset_raw,seediv,conformer,madry,fgsm,subset_n512,30,clean,5,-11.5625,2.6399719514223774,0
tnp_minus_same_subset_raw,seediv,conformer,madry,fgsm,subset_n512,30,robust,5,2.6953125,2.1279204999945076,4
tnp_minus_same_subset_raw,seediv,conformer,madry,pgd,subset_n512,25,clean,5,-15.4296875,2.5911131174651563,0
tnp_minus_same_subset_raw,seediv,conformer,madry,pgd,subset_n512,25,robust,5,3.6328125,3.616183378447849,4
tnp_minus_same_subset_raw,seediv,conformer,madry,pgd,subset_n512,30,clean,5,-11.5625,2.6399719514223774,0
tnp_minus_same_subset_raw,seediv,conformer,madry,pgd,subset_n512,30,robust,5,6.40625,2.704214240440858,5
tnp_minus_same_subset_raw,seediv,conformer,madry,cw,subset_n512,25,clean,5,-15.4296875,2.5911131174651563,0
tnp_minus_same_subset_raw,seediv,conformer,madry,cw,subset_n512,25,robust,5,5.1171875,11.320882652567473,2
tnp_minus_same_subset_raw,seediv,conformer,madry,cw,subset_n512,30,clean,5,-11.5625,2.6399719514223774,0
tnp_minus_same_subset_raw,seediv,conformer,madry,cw,subset_n512,30,robust,5,3.7109375,8.214742517505114,3
rpcf_minus_madry,seediv,conformer,rpcf_at,autoattack,subset_n512,raw,clean,5,-0.8203125,1.6538252445325428,2
rpcf_minus_madry,seediv,conformer,rpcf_at,autoattack,subset_n512,raw,robust,5,-4.609375,1.8611139452455618,0
rpcf_minus_madry,seediv,conformer,rpcf_at,autoattack,subset_n512,25,clean,5,6.171875,2.128816655224799,5
tnp_minus_same_subset_raw,seediv,conformer,rpcf_at,autoattack,subset_n512,25,clean,5,-8.4375,3.972581350695115,0
rpcf_minus_madry,seediv,conformer,rpcf_at,autoattack,subset_n512,25,robust,5,6.015625,2.690070763547053,5
tnp_minus_same_subset_raw,seediv,conformer,rpcf_at,autoattack,subset_n512,25,robust,5,21.796875,2.3944707119182675,5
rpcf_minus_madry,seediv,conformer,rpcf_at,autoattack,subset_n512,30,clean,5,6.5234375,2.457369685554938,5
tnp_minus_same_subset_raw,seediv,conformer,rpcf_at,autoattack,subset_n512,30,clean,5,-4.21875,3.915029196989628,1
rpcf_minus_madry,seediv,conformer,rpcf_at,autoattack,subset_n512,30,robust,5,6.3671875,2.5262597897664096,5
tnp_minus_same_subset_raw,seediv,conformer,rpcf_at,autoattack,subset_n512,30,robust,5,24.765625,3.330063805870974,5
rpcf_minus_madry,seediv,conformer,rpcf_at,fgsm,subset_n512,raw,clean,5,-0.8203125,1.6538252445325428,2
rpcf_minus_madry,seediv,conformer,rpcf_at,fgsm,subset_n512,raw,robust,5,-5.4296875,1.5770804092333086,0
rpcf_minus_madry,seediv,conformer,rpcf_at,fgsm,subset_n512,25,clean,5,6.171875,2.128816655224799,5
tnp_minus_same_subset_raw,seediv,conformer,rpcf_at,fgsm,subset_n512,25,clean,5,-8.4375,3.972581350695115,0
rpcf_minus_madry,seediv,conformer,rpcf_at,fgsm,subset_n512,25,robust,5,5.46875,1.8885819927552456,5
tnp_minus_same_subset_raw,seediv,conformer,rpcf_at,fgsm,subset_n512,25,robust,5,11.6015625,2.4456993503903948,5
rpcf_minus_madry,seediv,conformer,rpcf_at,fgsm,subset_n512,30,clean,5,6.5234375,2.457369685554938,5
tnp_minus_same_subset_raw,seediv,conformer,rpcf_at,fgsm,subset_n512,30,clean,5,-4.21875,3.915029196989628,1
rpcf_minus_madry,seediv,conformer,rpcf_at,fgsm,subset_n512,30,robust,5,4.921875,1.5831159475905816,5
tnp_minus_same_subset_raw,seediv,conformer,rpcf_at,fgsm,subset_n512,30,robust,5,13.046875,2.031625566241538,5
rpcf_minus_madry,seediv,conformer,rpcf_at,pgd,subset_n512,raw,clean,5,-0.8203125,1.6538252445325428,2
rpcf_minus_madry,seediv,conformer,rpcf_at,pgd,subset_n512,raw,robust,5,-5.703125,1.3769184946886381,0
rpcf_minus_madry,seediv,conformer,rpcf_at,pgd,subset_n512,25,clean,5,6.171875,2.128816655224799,5
tnp_minus_same_subset_raw,seediv,conformer,rpcf_at,pgd,subset_n512,25,clean,5,-8.4375,3.972581350695115,0
rpcf_minus_madry,seediv,conformer,rpcf_at,pgd,subset_n512,25,robust,5,6.40625,2.1941166671849404,5
tnp_minus_same_subset_raw,seediv,conformer,rpcf_at,pgd,subset_n512,25,robust,5,15.7421875,2.3864917803290515,5
rpcf_minus_madry,seediv,conformer,rpcf_at,pgd,subset_n512,30,clean,5,6.5234375,2.457369685554938,5
tnp_minus_same_subset_raw,seediv,conformer,rpcf_at,pgd,subset_n512,30,clean,5,-4.21875,3.915029196989628,1
rpcf_minus_madry,seediv,conformer,rpcf_at,pgd,subset_n512,30,robust,5,4.3359375,2.4331892972495996,5
tnp_minus_same_subset_raw,seediv,conformer,rpcf_at,pgd,subset_n512,30,robust,5,16.4453125,2.34130732085797,5
rpcf_minus_madry,seediv,conformer,rpcf_at,cw,subset_n512,raw,clean,5,-0.8203125,1.6538252445325428,2
rpcf_minus_madry,seediv,conformer,rpcf_at,cw,subset_n512,raw,robust,5,-3.8671875,3.7222278904911237,1
rpcf_minus_madry,seediv,conformer,rpcf_at,cw,subset_n512,25,clean,5,6.171875,2.128816655224799,5
tnp_minus_same_subset_raw,seediv,conformer,rpcf_at,cw,subset_n512,25,clean,5,-8.4375,3.972581350695115,0
rpcf_minus_madry,seediv,conformer,rpcf_at,cw,subset_n512,25,robust,5,4.0234375,3.5280812317369303,4
tnp_minus_same_subset_raw,seediv,conformer,rpcf_at,cw,subset_n512,25,robust,5,13.0078125,8.144320478387838,5
rpcf_minus_madry,seediv,conformer,rpcf_at,cw,subset_n512,30,clean,5,6.5234375,2.457369685554938,5
tnp_minus_same_subset_raw,seediv,conformer,rpcf_at,cw,subset_n512,30,clean,5,-4.21875,3.915029196989628,1
rpcf_minus_madry,seediv,conformer,rpcf_at,cw,subset_n512,30,robust,5,3.1640625,2.6109124867892213,5
tnp_minus_same_subset_raw,seediv,conformer,rpcf_at,cw,subset_n512,30,robust,5,10.7421875,5.4861609004641165,5
tnp_minus_same_subset_raw,seediv,tcnet,madry,autoattack,subset_n512,25,clean,5,-3.125,1.2582127662817506,0
tnp_minus_same_subset_raw,seediv,tcnet,madry,autoattack,subset_n512,25,robust,5,6.9140625,1.2999657259604482,5
tnp_minus_same_subset_raw,seediv,tcnet,madry,autoattack,subset_n512,30,clean,5,-2.1875,0.7359938938053426,0
tnp_minus_same_subset_raw,seediv,tcnet,madry,autoattack,subset_n512,30,robust,5,7.265625,1.5710216837648598,5
tnp_minus_same_subset_raw,seediv,tcnet,madry,fgsm,subset_n512,25,clean,5,-3.125,1.2582127662817506,0
tnp_minus_same_subset_raw,seediv,tcnet,madry,fgsm,subset_n512,25,robust,5,1.25,0.9326044051807283,5
tnp_minus_same_subset_raw,seediv,tcnet,madry,fgsm,subset_n512,30,clean,5,-2.1875,0.7359938938053426,0
tnp_minus_same_subset_raw,seediv,tcnet,madry,fgsm,subset_n512,30,robust,5,2.0703125,0.8580422904878436,5
tnp_minus_same_subset_raw,seediv,tcnet,madry,pgd,subset_n512,25,clean,5,-3.125,1.2582127662817506,0
tnp_minus_same_subset_raw,seediv,tcnet,madry,pgd,subset_n512,25,robust,5,1.9140625,1.0463355653108495,5
tnp_minus_same_subset_raw,seediv,tcnet,madry,pgd,subset_n512,30,clean,5,-2.1875,0.7359938938053426,0
tnp_minus_same_subset_raw,seediv,tcnet,madry,pgd,subset_n512,30,robust,5,2.8125,1.2087303474035782,5
tnp_minus_same_subset_raw,seediv,tcnet,madry,cw,subset_n512,25,clean,5,-3.125,1.2582127662817506,0
tnp_minus_same_subset_raw,seediv,tcnet,madry,cw,subset_n512,25,robust,5,13.0859375,1.8217537213064092,5
tnp_minus_same_subset_raw,seediv,tcnet,madry,cw,subset_n512,30,clean,5,-2.1875,0.7359938938053426,0
tnp_minus_same_subset_raw,seediv,tcnet,madry,cw,subset_n512,30,robust,5,7.9296875,2.0512462270493943,5
