section,dataset,model,condition,endpoint,scope,seed_count,status,mean_pp,sample_std_pp,positive_seeds
main_pgd,thubenchmark,eegnet,madry,PGD,full_test,5,complete,78.64847512038523,0.9080341101111503,
main_pgd,thubenchmark,eegnet,trades,PGD,full_test,5,complete,67.03424291064741,0.5691050352516969,
main_pgd,thubenchmark,eegnet,fbf,PGD,full_test,5,complete,56.42411271624755,2.071844325887947,
main_pgd,thubenchmark,eegnet,ea_forward,PGD,full_test,5,complete,30.87462100945247,1.3686079975516603,
main_pgd,thubenchmark,eegnet,RPCF+TNP-r25,PGD,subset_n512,5,complete,81.953125,1.1438711300270563,
main_pgd,thubenchmark,eegnet,RPCF+TNP-r30,PGD,subset_n512,5,complete,81.40625,1.0996631453327537,
main_pgd,thubenchmark,deepconvnet,madry,PGD,full_test,5,complete,76.20831103977171,1.6131379333502138,
main_pgd,thubenchmark,deepconvnet,trades,PGD,full_test,5,complete,66.51560549313358,3.263109694107356,
main_pgd,thubenchmark,deepconvnet,fbf,PGD,full_test,5,complete,55.41778134474763,3.3449246778348978,
main_pgd,thubenchmark,deepconvnet,ea_forward,PGD,full_test,5,complete,7.889513108614232,0.4336431380533026,
main_pgd,thubenchmark,deepconvnet,RPCF+TNP-r25,PGD,subset_n512,5,complete,78.7109375,1.5254393898255185,
main_pgd,thubenchmark,deepconvnet,RPCF+TNP-r30,PGD,subset_n512,5,complete,78.203125,1.1686152579415305,
main_pgd,thubenchmark,tsception,madry,PGD,full_test,5,complete,40.38835384341002,2.8684138041306912,
main_pgd,thubenchmark,tsception,trades,PGD,full_test,5,complete,9.686285000891743,1.7540918429253467,
main_pgd,thubenchmark,tsception,fbf,PGD,full_test,5,complete,5.668360977349741,1.9540705953789603,
main_pgd,thubenchmark,tsception,ea_forward,PGD,full_test,5,complete,1.7531656857499553,0.23430798407515818,
main_pgd,thubenchmark,tsception,RPCF+TNP-r25,PGD,subset_n512,5,complete,46.3671875,1.1767476821400054,
main_pgd,thubenchmark,tsception,RPCF+TNP-r30,PGD,subset_n512,5,complete,45.1171875,0.8400708268596315,
main_pgd,thubenchmark,atcnet,madry,PGD,full_test,5,complete,86.12912430889959,1.463173056591344,
main_pgd,thubenchmark,atcnet,trades,PGD,full_test,5,complete,78.80577849117175,2.2449783607929876,
main_pgd,thubenchmark,atcnet,fbf,PGD,full_test,5,complete,70.34135901551632,1.505652047313816,
main_pgd,thubenchmark,atcnet,ea_forward,PGD,full_test,5,complete,22.623773854110933,12.670923066606349,
main_pgd,thubenchmark,atcnet,RPCF+TNP-r25,PGD,subset_n512,5,complete,84.3359375,1.2911323344561259,
main_pgd,thubenchmark,atcnet,RPCF+TNP-r30,PGD,subset_n512,5,complete,84.765625,1.2955565587325781,
main_pgd,thubenchmark,conformer,madry,PGD,full_test,5,complete,75.60263955769574,1.4720448899885035,
main_pgd,thubenchmark,conformer,trades,PGD,full_test,5,complete,57.62065275548422,10.385735862447074,
main_pgd,thubenchmark,conformer,fbf,PGD,full_test,5,complete,57.15230961298377,6.387022395113502,
main_pgd,thubenchmark,conformer,ea_forward,PGD,full_test,5,complete,10.401016586409845,8.43834262930596,
main_pgd,thubenchmark,conformer,RPCF+TNP-r25,PGD,subset_n512,5,complete,78.4375,1.8662311227486335,
main_pgd,thubenchmark,conformer,RPCF+TNP-r30,PGD,subset_n512,5,complete,78.28125,1.2228496751951974,
main_pgd,thubenchmark,tcnet,madry,PGD,full_test,5,complete,50.12520064205457,3.206329172090293,
main_pgd,thubenchmark,tcnet,trades,PGD,full_test,5,complete,24.748171927947208,2.48882041764459,
main_pgd,thubenchmark,tcnet,fbf,PGD,full_test,5,complete,24.11342964151953,2.0478807603364677,
main_pgd,thubenchmark,tcnet,ea_forward,PGD,full_test,5,complete,0.0,0.0,
main_pgd,thubenchmark,tcnet,RPCF+TNP-r25,PGD,subset_n512,5,complete,58.7890625,2.847144479904932,
main_pgd,thubenchmark,tcnet,RPCF+TNP-r30,PGD,subset_n512,5,complete,57.96875,3.6314471560612893,
main_pgd,seediv,eegnet,madry,PGD,full_test,5,complete,25.9867197875166,3.7033748289489843,
main_pgd,seediv,eegnet,trades,PGD,full_test,5,complete,1.907038512616202,0.13852222906141087,
main_pgd,seediv,eegnet,fbf,PGD,full_test,5,complete,9.9601593625498,1.0112164579443015,
main_pgd,seediv,eegnet,ea_forward,PGD,full_test,5,complete,21.800796812749002,4.820457373763275,
main_pgd,seediv,eegnet,RPCF+TNP-r25,PGD,subset_n512,5,complete,30.2734375,2.392079826936697,
main_pgd,seediv,eegnet,RPCF+TNP-r30,PGD,subset_n512,5,complete,29.53125,2.498931656494056,
main_pgd,seediv,deepconvnet,madry,PGD,full_test,5,complete,23.330677290836654,1.3144861383824178,
main_pgd,seediv,deepconvnet,trades,PGD,full_test,5,complete,0.8339973439575034,0.19023643643527208,
main_pgd,seediv,deepconvnet,fbf,PGD,full_test,5,complete,4.154050464807437,0.9295389838118264,
main_pgd,seediv,deepconvnet,ea_forward,PGD,full_test,5,complete,12.398406374501992,1.8207360200809708,
main_pgd,seediv,deepconvnet,RPCF+TNP-r25,PGD,subset_n512,5,complete,24.765625,1.7868692205441687,
main_pgd,seediv,deepconvnet,RPCF+TNP-r30,PGD,subset_n512,5,complete,24.765625,1.283724744152733,
main_pgd,seediv,tsception,madry,PGD,full_test,5,complete,33.93891102257636,0.8609429728268464,
main_pgd,seediv,tsception,trades,PGD,full_test,5,complete,0.48871181938911024,0.11047348920629704,
main_pgd,seediv,tsception,fbf,PGD,full_test,5,complete,3.5590969455511288,0.45347599147314394,
main_pgd,seediv,tsception,ea_forward,PGD,full_test,5,complete,27.04913678618858,0.21463058540065982,
main_pgd,seediv,tsception,RPCF+TNP-r25,PGD,subset_n512,5,complete,35.625,3.0900141190388393,
main_pgd,seediv,tsception,RPCF+TNP-r30,PGD,subset_n512,5,complete,35.46875,3.536181222267709,
main_pgd,seediv,atcnet,madry,PGD,full_test,5,complete,28.92961487383798,0.9687093491907007,
main_pgd,seediv,atcnet,trades,PGD,full_test,5,complete,1.8751660026560424,0.2289440843507033,
main_pgd,seediv,atcnet,fbf,PGD,full_test,5,complete,5.954847277556441,0.4826402685152662,
main_pgd,seediv,atcnet,ea_forward,PGD,full_test,5,complete,16.754316069057104,6.346813482254848,
main_pgd,seediv,atcnet,RPCF+TNP-r25,PGD,subset_n512,2,pending,,,
main_pgd,seediv,atcnet,RPCF+TNP-r30,PGD,subset_n512,2,pending,,,
main_pgd,seediv,conformer,madry,PGD,full_test,5,complete,35.17131474103586,0.8041714214569263,
main_pgd,seediv,conformer,trades,PGD,full_test,5,complete,24.49933598937583,7.638041216221662,
main_pgd,seediv,conformer,fbf,PGD,full_test,5,complete,5.381142098273573,1.1449669029797682,
main_pgd,seediv,conformer,ea_forward,PGD,full_test,5,complete,17.147410358565736,3.050092163999163,
main_pgd,seediv,conformer,RPCF+TNP-r25,PGD,subset_n512,0,pending,,,
main_pgd,seediv,conformer,RPCF+TNP-r30,PGD,subset_n512,0,pending,,,
main_pgd,seediv,tcnet,madry,PGD,full_test,5,complete,32.180610889774236,0.315722912448749,
main_pgd,seediv,tcnet,trades,PGD,full_test,5,complete,0.41434262948207173,0.2544815844250408,
main_pgd,seediv,tcnet,fbf,PGD,full_test,5,complete,6.586985391766269,0.6864726684366581,
main_pgd,seediv,tcnet,ea_forward,PGD,full_test,5,complete,19.373173970783533,3.887206893990814,
main_pgd,seediv,tcnet,RPCF+TNP-r25,PGD,subset_n512,0,pending,,,
main_pgd,seediv,tcnet,RPCF+TNP-r30,PGD,subset_n512,0,pending,,,
main_pgd,bciciv2a,eegnet,madry,PGD,full_test,5,complete,30.153256704980844,2.8850345742554344,
main_pgd,bciciv2a,eegnet,trades,PGD,full_test,5,complete,3.946360153256705,0.5997117181033916,
main_pgd,bciciv2a,eegnet,fbf,PGD,full_test,5,complete,7.011494252873563,0.698643008766685,
main_pgd,bciciv2a,eegnet,ea_forward,PGD,full_test,5,complete,0.0,0.0,
main_pgd,bciciv2a,eegnet,RPCF+TNP-r25,PGD,subset_n512,0,pending,,,
main_pgd,bciciv2a,eegnet,RPCF+TNP-r30,PGD,subset_n512,0,pending,,,
main_pgd,bciciv2a,deepconvnet,madry,PGD,full_test,5,complete,17.203065134099617,2.139255827608218,
main_pgd,bciciv2a,deepconvnet,trades,PGD,full_test,5,complete,5.095785440613026,1.0971510393315211,
main_pgd,bciciv2a,deepconvnet,fbf,PGD,full_test,5,complete,10.459770114942529,2.2242031070804575,
main_pgd,bciciv2a,deepconvnet,ea_forward,PGD,full_test,5,complete,0.0,0.0,
main_pgd,bciciv2a,deepconvnet,RPCF+TNP-r25,PGD,subset_n512,0,pending,,,
main_pgd,bciciv2a,deepconvnet,RPCF+TNP-r30,PGD,subset_n512,0,pending,,,
main_pgd,bciciv2a,tsception,madry,PGD,full_test,5,complete,25.13409961685824,1.5047767729237924,
main_pgd,bciciv2a,tsception,trades,PGD,full_test,5,complete,0.19157088122605362,0.19157088122605362,
main_pgd,bciciv2a,tsception,fbf,PGD,full_test,5,complete,4.521072796934866,2.5508437955370282,
main_pgd,bciciv2a,tsception,ea_forward,PGD,full_test,5,complete,23.908045977011493,1.7262651840718493,
main_pgd,bciciv2a,tsception,RPCF+TNP-r25,PGD,subset_n512,0,pending,,,
main_pgd,bciciv2a,tsception,RPCF+TNP-r30,PGD,subset_n512,0,pending,,,
main_pgd,bciciv2a,atcnet,madry,PGD,full_test,5,complete,25.440613026819925,1.2879491428330732,
main_pgd,bciciv2a,atcnet,trades,PGD,full_test,5,complete,1.3409961685823755,0.4283655129309942,
main_pgd,bciciv2a,atcnet,fbf,PGD,full_test,5,complete,8.544061302681992,1.7693103278189757,
main_pgd,bciciv2a,atcnet,ea_forward,PGD,full_test,5,complete,2.337164750957854,4.217606004369938,
main_pgd,bciciv2a,atcnet,RPCF+TNP-r25,PGD,subset_n512,0,pending,,,
main_pgd,bciciv2a,atcnet,RPCF+TNP-r30,PGD,subset_n512,0,pending,,,
main_pgd,bciciv2a,conformer,madry,PGD,full_test,5,complete,20.804597701149426,1.8553716494717625,
main_pgd,bciciv2a,conformer,trades,PGD,full_test,5,complete,4.559386973180077,1.6612630949179157,
main_pgd,bciciv2a,conformer,fbf,PGD,full_test,5,complete,12.145593869731801,1.4627286719403123,
main_pgd,bciciv2a,conformer,ea_forward,PGD,full_test,5,complete,6.590038314176246,11.19141282265571,
main_pgd,bciciv2a,conformer,RPCF+TNP-r25,PGD,subset_n512,0,pending,,,
main_pgd,bciciv2a,conformer,RPCF+TNP-r30,PGD,subset_n512,0,pending,,,
main_pgd,bciciv2a,tcnet,madry,PGD,full_test,5,complete,16.053639846743295,11.263976848324935,
main_pgd,bciciv2a,tcnet,trades,PGD,full_test,5,complete,4.406130268199234,0.5246384650432628,
main_pgd,bciciv2a,tcnet,fbf,PGD,full_test,5,complete,12.911877394636015,0.9917378624938527,
main_pgd,bciciv2a,tcnet,ea_forward,PGD,full_test,5,complete,0.0,0.0,
main_pgd,bciciv2a,tcnet,RPCF+TNP-r25,PGD,subset_n512,0,pending,,,
main_pgd,bciciv2a,tcnet,RPCF+TNP-r30,PGD,subset_n512,0,pending,,,
main_mean4,thubenchmark,eegnet,madry,Mean4,full_test,5,complete,58.98664615658998,0.613050716436381,
main_mean4,thubenchmark,eegnet,trades,Mean4,full_test,5,complete,50.766965400392365,0.4607243007931103,
main_mean4,thubenchmark,eegnet,fbf,Mean4,full_test,5,complete,43.13543338683788,1.286912887017892,
main_mean4,thubenchmark,eegnet,ea_forward,Mean4,full_test,5,complete,28.031456215444976,0.6882799687596436,
main_mean4,thubenchmark,eegnet,RPCF+TNP-r25,Mean4,subset_n512,5,complete,68.310546875,1.0803050239178509,
main_mean4,thubenchmark,eegnet,RPCF+TNP-r30,Mean4,subset_n512,5,complete,66.103515625,1.1892430412789763,
main_mean4,thubenchmark,deepconvnet,madry,Mean4,full_test,5,complete,57.62225789192081,1.2437488502249923,
main_mean4,thubenchmark,deepconvnet,trades,Mean4,full_test,5,complete,50.72641341180667,2.324532000785112,
main_mean4,thubenchmark,deepconvnet,fbf,Mean4,full_test,5,complete,43.06592206170858,2.217210321966478,
main_mean4,thubenchmark,deepconvnet,ea_forward,Mean4,full_test,5,complete,15.942504904583556,0.7006221475273836,
main_mean4,thubenchmark,deepconvnet,RPCF+TNP-r25,Mean4,subset_n512,5,complete,61.015625,0.5986176779795669,
main_mean4,thubenchmark,deepconvnet,RPCF+TNP-r30,Mean4,subset_n512,5,complete,60.146484375,0.5430688559921595,
main_mean4,thubenchmark,tsception,madry,Mean4,full_test,5,complete,31.500445871232387,2.275542216957015,
main_mean4,thubenchmark,tsception,trades,Mean4,full_test,5,complete,9.158551810237203,1.2133385077002703,
main_mean4,thubenchmark,tsception,fbf,Mean4,full_test,5,complete,6.18822454075263,1.4090062200132702,
main_mean4,thubenchmark,tsception,ea_forward,Mean4,full_test,5,complete,1.7591180667023363,0.23192713901654202,
main_mean4,thubenchmark,tsception,RPCF+TNP-r25,Mean4,subset_n512,5,complete,40.703125,1.1963388860798096,
main_mean4,thubenchmark,tsception,RPCF+TNP-r30,Mean4,subset_n512,5,complete,38.02734375,0.6266381729357647,
main_mean4,thubenchmark,atcnet,madry,Mean4,full_test,5,complete,64.62123238808631,1.1174728791023816,
main_mean4,thubenchmark,atcnet,trades,Mean4,full_test,5,complete,59.69767701087926,1.6668396806692523,
main_mean4,thubenchmark,atcnet,fbf,Mean4,full_test,5,complete,53.481474050294274,1.0359216561883027,
main_mean4,thubenchmark,atcnet,ea_forward,Mean4,full_test,5,complete,24.494827893704297,13.30199294547817,
main_mean4,thubenchmark,atcnet,RPCF+TNP-r25,Mean4,subset_n512,5,complete,72.509765625,2.0271024174460033,
main_mean4,thubenchmark,atcnet,RPCF+TNP-r30,Mean4,subset_n512,5,complete,70.185546875,1.449545769412636,
main_mean4,thubenchmark,conformer,madry,Mean4,full_test,5,complete,57.59873818441234,1.0557912726563534,
main_mean4,thubenchmark,conformer,trades,Mean4,full_test,5,complete,46.44647315855181,5.282371417163351,
main_mean4,thubenchmark,conformer,fbf,Mean4,full_test,5,complete,43.636860174781525,3.1485965493506196,
main_mean4,thubenchmark,conformer,ea_forward,Mean4,full_test,5,complete,14.746544497948994,12.321477654356595,
main_mean4,thubenchmark,conformer,RPCF+TNP-r25,Mean4,subset_n512,5,complete,65.751953125,0.6709204702077214,
main_mean4,thubenchmark,conformer,RPCF+TNP-r30,Mean4,subset_n512,5,complete,63.828125,0.47766785552326557,
main_mean4,thubenchmark,tcnet,madry,Mean4,full_test,5,complete,37.92096932405921,2.1437764791068648,
main_mean4,thubenchmark,tcnet,trades,Mean4,full_test,5,complete,22.421548956661315,2.255893959478516,
main_mean4,thubenchmark,tcnet,fbf,Mean4,full_test,5,complete,22.5553772070626,0.9002814553457903,
main_mean4,thubenchmark,tcnet,ea_forward,Mean4,full_test,5,complete,0.7314071696094168,0.4184158888375128,
main_mean4,thubenchmark,tcnet,RPCF+TNP-r25,Mean4,subset_n512,5,complete,47.05078125,2.5660561797487897,
main_mean4,thubenchmark,tcnet,RPCF+TNP-r30,Mean4,subset_n512,5,complete,45.654296875,2.8652999443971487,
main_mean4,seediv,eegnet,madry,Mean4,full_test,5,complete,19.756972111553786,2.08082644153935,
main_mean4,seediv,eegnet,trades,Mean4,full_test,5,complete,1.4727755644090306,0.08801585434066135,
main_mean4,seediv,eegnet,fbf,Mean4,full_test,5,complete,7.143426294820718,0.7400278502183656,
main_mean4,seediv,eegnet,ea_forward,Mean4,full_test,5,complete,18.12483399734396,3.909338512824264,
main_mean4,seediv,eegnet,RPCF+TNP-r25,Mean4,subset_n512,5,complete,24.55078125,1.8163143667956603,
main_mean4,seediv,eegnet,RPCF+TNP-r30,Mean4,subset_n512,5,complete,23.515625,1.9361444468876456,
main_mean4,seediv,deepconvnet,madry,Mean4,full_test,5,complete,17.213811420982736,1.0009351739761372,
main_mean4,seediv,deepconvnet,trades,Mean4,full_test,5,complete,0.8021248339973439,0.12879067629676982,
main_mean4,seediv,deepconvnet,fbf,Mean4,full_test,5,complete,3.316069057104914,0.5764591320806018,
main_mean4,seediv,deepconvnet,ea_forward,Mean4,full_test,5,complete,12.751660026560424,1.55583796433851,
main_mean4,seediv,deepconvnet,RPCF+TNP-r25,Mean4,subset_n512,5,complete,22.1484375,1.194843274936155,
main_mean4,seediv,deepconvnet,RPCF+TNP-r30,Mean4,subset_n512,5,complete,20.99609375,0.9442909963776228,
main_mean4,seediv,tsception,madry,Mean4,full_test,5,complete,24.857901726427624,0.644613771211006,
main_mean4,seediv,tsception,trades,Mean4,full_test,5,complete,0.5232403718459495,0.11770044870396007,
main_mean4,seediv,tsception,fbf,Mean4,full_test,5,complete,3.2974767596281542,0.31305829973166255,
main_mean4,seediv,tsception,ea_forward,Mean4,full_test,5,complete,27.05444887118194,0.21870054555366888,
main_mean4,seediv,tsception,RPCF+TNP-r25,Mean4,subset_n512,5,complete,28.96484375,2.7676115498378557,
main_mean4,seediv,tsception,RPCF+TNP-r30,Mean4,subset_n512,5,complete,27.87109375,2.385692419469136,
main_mean4,seediv,atcnet,madry,Mean4,full_test,5,complete,21.268260292164673,0.7025972943644779,
main_mean4,seediv,atcnet,trades,Mean4,full_test,5,complete,1.7755644090305445,0.22535311481282586,
main_mean4,seediv,atcnet,fbf,Mean4,full_test,5,complete,4.891102257636122,0.3646802931073626,
main_mean4,seediv,atcnet,ea_forward,Mean4,full_test,5,complete,16.718459495351926,5.156905894741637,
main_mean4,seediv,atcnet,RPCF+TNP-r25,Mean4,subset_n512,1,pending,,,
main_mean4,seediv,atcnet,RPCF+TNP-r30,Mean4,subset_n512,1,pending,,,
main_mean4,seediv,conformer,madry,Mean4,full_test,5,complete,33.29482071713147,3.7766196017137363,
main_mean4,seediv,conformer,trades,Mean4,full_test,5,complete,19.201859229747676,3.483770198702338,
main_mean4,seediv,conformer,fbf,Mean4,full_test,5,complete,7.857901726427623,1.3503158490167284,
main_mean4,seediv,conformer,ea_forward,Mean4,full_test,5,complete,20.800796812749002,3.171652150596036,
main_mean4,seediv,conformer,RPCF+TNP-r25,Mean4,subset_n512,0,pending,,,
main_mean4,seediv,conformer,RPCF+TNP-r30,Mean4,subset_n512,0,pending,,,
main_mean4,seediv,tcnet,madry,Mean4,full_test,5,complete,23.96414342629482,0.37898082802459443,
main_mean4,seediv,tcnet,trades,Mean4,full_test,5,complete,0.7304116865869854,0.27598409615697755,
main_mean4,seediv,tcnet,fbf,Mean4,full_test,5,complete,6.253652058432935,0.5244717244127205,
main_mean4,seediv,tcnet,ea_forward,Mean4,full_test,5,complete,19.237715803452854,3.5299375605559824,
main_mean4,seediv,tcnet,RPCF+TNP-r25,Mean4,subset_n512,0,pending,,,
main_mean4,seediv,tcnet,RPCF+TNP-r30,Mean4,subset_n512,0,pending,,,
main_mean4,bciciv2a,eegnet,madry,Mean4,full_test,5,complete,21.96360153256705,2.084461534480167,
main_mean4,bciciv2a,eegnet,trades,Mean4,full_test,5,complete,3.1130268199233715,0.4753216772336974,
main_mean4,bciciv2a,eegnet,fbf,Mean4,full_test,5,complete,5.450191570881226,0.6284722108170204,
main_mean4,bciciv2a,eegnet,ea_forward,Mean4,full_test,5,complete,5.344827586206897,1.4362227521040318,
main_mean4,bciciv2a,eegnet,RPCF+TNP-r25,Mean4,subset_n512,0,pending,,,
main_mean4,bciciv2a,eegnet,RPCF+TNP-r30,Mean4,subset_n512,0,pending,,,
main_mean4,bciciv2a,deepconvnet,madry,Mean4,full_test,5,complete,12.614942528735632,1.5484243093485501,
main_mean4,bciciv2a,deepconvnet,trades,Mean4,full_test,5,complete,4.051724137931035,1.0083664122976659,
main_mean4,bciciv2a,deepconvnet,fbf,Mean4,full_test,5,complete,7.950191570881226,1.6134943034409017,
main_mean4,bciciv2a,deepconvnet,ea_forward,Mean4,full_test,5,complete,1.7720306513409962,1.0639300714330968,
main_mean4,bciciv2a,deepconvnet,RPCF+TNP-r25,Mean4,subset_n512,0,pending,,,
main_mean4,bciciv2a,deepconvnet,RPCF+TNP-r30,Mean4,subset_n512,0,pending,,,
main_mean4,bciciv2a,tsception,madry,Mean4,full_test,5,complete,23.093869731800766,3.073988945757147,
main_mean4,bciciv2a,tsception,trades,Mean4,full_test,5,complete,0.5363984674329502,0.3092698140031215,
main_mean4,bciciv2a,tsception,fbf,Mean4,full_test,5,complete,3.8409961685823752,1.4115764897147893,
main_mean4,bciciv2a,tsception,ea_forward,Mean4,full_test,5,complete,23.850574712643677,1.6142049373901066,
main_mean4,bciciv2a,tsception,RPCF+TNP-r25,Mean4,subset_n512,0,pending,,,
main_mean4,bciciv2a,tsception,RPCF+TNP-r30,Mean4,subset_n512,0,pending,,,
main_mean4,bciciv2a,atcnet,madry,Mean4,full_test,5,complete,18.71647509578544,0.7821337264074829,
main_mean4,bciciv2a,atcnet,trades,Mean4,full_test,5,complete,1.3026819923371646,0.22818255267378534,
main_mean4,bciciv2a,atcnet,fbf,Mean4,full_test,5,complete,6.85823754789272,1.509342708691796,
main_mean4,bciciv2a,atcnet,ea_forward,Mean4,full_test,5,complete,9.827586206896552,4.80414357726006,
main_mean4,bciciv2a,atcnet,RPCF+TNP-r25,Mean4,subset_n512,0,pending,,,
main_mean4,bciciv2a,atcnet,RPCF+TNP-r30,Mean4,subset_n512,0,pending,,,
main_mean4,bciciv2a,conformer,madry,Mean4,full_test,5,complete,18.27586206896552,1.253746898210593,
main_mean4,bciciv2a,conformer,trades,Mean4,full_test,5,complete,5.2011494252873565,0.5949116431745365,
main_mean4,bciciv2a,conformer,fbf,Mean4,full_test,5,complete,10.584291187739463,1.8290379745142051,
main_mean4,bciciv2a,conformer,ea_forward,Mean4,full_test,5,complete,12.193486590038313,5.721185869080383,
main_mean4,bciciv2a,conformer,RPCF+TNP-r25,Mean4,subset_n512,0,pending,,,
main_mean4,bciciv2a,conformer,RPCF+TNP-r30,Mean4,subset_n512,0,pending,,,
main_mean4,bciciv2a,tcnet,madry,Mean4,full_test,5,complete,12.21264367816092,8.530216498859659,
main_mean4,bciciv2a,tcnet,trades,Mean4,full_test,5,complete,4.482758620689655,0.26794254273370466,
main_mean4,bciciv2a,tcnet,fbf,Mean4,full_test,5,complete,11.293103448275861,0.9076902483128071,
main_mean4,bciciv2a,tcnet,ea_forward,Mean4,full_test,5,complete,6.436781609195402,3.163929543284976,
main_mean4,bciciv2a,tcnet,RPCF+TNP-r25,Mean4,subset_n512,0,pending,,,
main_mean4,bciciv2a,tcnet,RPCF+TNP-r30,Mean4,subset_n512,0,pending,,,
main_linf3,thubenchmark,eegnet,madry,MeanLinf3,full_test,5,complete,78.64886154211997,0.8174009552485058,
main_linf3,thubenchmark,eegnet,trades,MeanLinf3,full_test,5,complete,67.68928720052315,0.614299067724144,
main_linf3,thubenchmark,eegnet,fbf,MeanLinf3,full_test,5,complete,57.51391118245051,1.715883849357186,
main_linf3,thubenchmark,eegnet,ea_forward,MeanLinf3,full_test,5,complete,37.37527495392664,0.9177066250128599,
main_linf3,thubenchmark,eegnet,RPCF+TNP-r25,MeanLinf3,subset_n512,5,complete,82.16145833333334,1.2153746551168214,
main_linf3,thubenchmark,eegnet,RPCF+TNP-r30,MeanLinf3,subset_n512,5,complete,81.82291666666667,1.3913112285462292,
main_linf3,thubenchmark,deepconvnet,madry,MeanLinf3,full_test,5,complete,76.82967718922775,1.6583318002999825,
main_linf3,thubenchmark,deepconvnet,trades,MeanLinf3,full_test,5,complete,67.6352178824089,3.099376001046817,
main_linf3,thubenchmark,deepconvnet,fbf,MeanLinf3,full_test,5,complete,57.42122941561144,2.9562804292886375,
main_linf3,thubenchmark,deepconvnet,ea_forward,MeanLinf3,full_test,5,complete,21.256673206111408,0.9341628633698447,
main_linf3,thubenchmark,deepconvnet,RPCF+TNP-r25,MeanLinf3,subset_n512,5,complete,79.6484375,1.228900427998852,
main_linf3,thubenchmark,deepconvnet,RPCF+TNP-r30,MeanLinf3,subset_n512,5,complete,79.453125,1.0938662512624877,
main_linf3,thubenchmark,tsception,madry,MeanLinf3,full_test,5,complete,41.93632958801498,3.0003614199361013,
main_linf3,thubenchmark,tsception,trades,MeanLinf3,full_test,5,complete,11.946792699601689,1.662853245370747,
main_linf3,thubenchmark,tsception,fbf,MeanLinf3,full_test,5,complete,7.597675524641817,1.9547159345052574,
main_linf3,thubenchmark,tsception,ea_forward,MeanLinf3,full_test,5,complete,1.7611021936864633,0.231298339410077,
main_linf3,thubenchmark,tsception,RPCF+TNP-r25,MeanLinf3,subset_n512,5,complete,48.854166666666664,1.366877445001113,
main_linf3,thubenchmark,tsception,RPCF+TNP-r30,MeanLinf3,subset_n512,5,complete,47.122395833333336,0.9177147624396458,
main_linf3,thubenchmark,atcnet,madry,MeanLinf3,full_test,5,complete,86.16164318411509,1.4899638388031773,
main_linf3,thubenchmark,atcnet,trades,MeanLinf3,full_test,5,complete,79.57270673562809,2.2170801083841827,
main_linf3,thubenchmark,atcnet,fbf,MeanLinf3,full_test,5,complete,71.30863206705904,1.3812288749177404,
main_linf3,thubenchmark,atcnet,ea_forward,MeanLinf3,full_test,5,complete,32.54072290589144,18.002026194695404,
main_linf3,thubenchmark,atcnet,RPCF+TNP-r25,MeanLinf3,subset_n512,5,complete,85.390625,1.1715132543516256,
main_linf3,thubenchmark,atcnet,RPCF+TNP-r30,MeanLinf3,subset_n512,5,complete,85.63802083333333,1.4334748900544687,
main_linf3,thubenchmark,conformer,madry,MeanLinf3,full_test,5,complete,76.79831757921646,1.4077216968751354,
main_linf3,thubenchmark,conformer,trades,MeanLinf3,full_test,5,complete,61.920307948397834,7.0576260413636565,
main_linf3,thubenchmark,conformer,fbf,MeanLinf3,full_test,5,complete,58.18248023304203,4.1981287324674925,
main_linf3,thubenchmark,conformer,ea_forward,MeanLinf3,full_test,5,complete,19.527138695678023,16.604607562714534,
main_linf3,thubenchmark,conformer,RPCF+TNP-r25,MeanLinf3,subset_n512,5,complete,79.3359375,1.375378489179706,
main_linf3,thubenchmark,conformer,RPCF+TNP-r30,MeanLinf3,subset_n512,5,complete,79.08854166666667,1.2901471131493951,
main_linf3,thubenchmark,tcnet,madry,MeanLinf3,full_test,5,complete,49.44691159859699,2.813816847683762,
main_linf3,thubenchmark,tcnet,trades,MeanLinf3,full_test,5,complete,27.815676832530766,2.592643241662338,
main_linf3,thubenchmark,tcnet,fbf,MeanLinf3,full_test,5,complete,27.587420486296892,1.394261885792972,
main_linf3,thubenchmark,tcnet,ea_forward,MeanLinf3,full_test,5,complete,0.4368943582426728,0.45463277695522775,
main_linf3,thubenchmark,tcnet,RPCF+TNP-r25,MeanLinf3,subset_n512,5,complete,59.94791666666667,3.4380301635042345,
main_linf3,thubenchmark,tcnet,RPCF+TNP-r30,MeanLinf3,subset_n512,5,complete,58.9453125,3.8808309239052403,
main_linf3,seediv,eegnet,madry,MeanLinf3,full_test,5,complete,25.27667109340416,3.9207951602615245,
main_linf3,seediv,eegnet,trades,MeanLinf3,full_test,5,complete,1.9583886675520144,0.11835211980841792,
main_linf3,seediv,eegnet,fbf,MeanLinf3,full_test,5,complete,9.522797698096504,0.988751235098594,
main_linf3,seediv,eegnet,ea_forward,MeanLinf3,full_test,5,complete,22.69676848162904,4.045939266279955,
main_linf3,seediv,eegnet,RPCF+TNP-r25,MeanLinf3,subset_n512,5,complete,31.7578125,2.452621807910646,
main_linf3,seediv,eegnet,RPCF+TNP-r30,MeanLinf3,subset_n512,5,complete,31.002604166666664,2.549225121408081,
main_linf3,seediv,deepconvnet,madry,MeanLinf3,full_test,5,complete,22.90571049136786,1.3222450745068455,
main_linf3,seediv,deepconvnet,trades,MeanLinf3,full_test,5,complete,1.0358565737051793,0.1986614048013889,
main_linf3,seediv,deepconvnet,fbf,MeanLinf3,full_test,5,complete,4.416113324479858,0.7718635994131475,
main_linf3,seediv,deepconvnet,ea_forward,MeanLinf3,full_test,5,complete,16.90305444887118,2.200149991615293,
main_linf3,seediv,deepconvnet,RPCF+TNP-r25,MeanLinf3,subset_n512,5,complete,26.588541666666668,1.5048782708332398,
main_linf3,seediv,deepconvnet,RPCF+TNP-r30,MeanLinf3,subset_n512,5,complete,25.963541666666668,1.320989050445752,
main_linf3,seediv,tsception,madry,MeanLinf3,full_test,5,complete,33.044710048694114,0.8532150392396786,
main_linf3,seediv,tsception,trades,MeanLinf3,full_test,5,complete,0.6905710491367862,0.15423861345891404,
main_linf3,seediv,tsception,fbf,MeanLinf3,full_test,5,complete,4.3541389995573265,0.42540003002095855,
main_linf3,seediv,tsception,ea_forward,MeanLinf3,full_test,5,complete,27.052678176184152,0.21728022200000827,
main_linf3,seediv,tsception,RPCF+TNP-r25,MeanLinf3,subset_n512,5,complete,37.20052083333333,3.321461198356457,
main_linf3,seediv,tsception,RPCF+TNP-r30,MeanLinf3,subset_n512,5,complete,36.705729166666664,3.179257175528747,
main_linf3,seediv,atcnet,madry,MeanLinf3,full_test,5,complete,28.2779991146525,0.9212933050080748,
main_linf3,seediv,atcnet,trades,MeanLinf3,full_test,5,complete,2.33377600708278,0.30551545014500486,
main_linf3,seediv,atcnet,fbf,MeanLinf3,full_test,5,complete,6.517928286852589,0.48772121505166194,
main_linf3,seediv,atcnet,ea_forward,MeanLinf3,full_test,5,complete,20.479858344400178,6.138371584769507,
main_linf3,seediv,atcnet,RPCF+TNP-r25,MeanLinf3,subset_n512,2,pending,,,
main_linf3,seediv,atcnet,RPCF+TNP-r30,MeanLinf3,subset_n512,2,pending,,,
main_linf3,seediv,conformer,madry,MeanLinf3,full_test,5,complete,35.11465250110668,0.9668627058304409,
main_linf3,seediv,conformer,trades,MeanLinf3,full_test,5,complete,20.906595838866757,4.093646171621679,
main_linf3,seediv,conformer,fbf,MeanLinf3,full_test,5,complete,7.369632580787959,0.8481702972061029,
main_linf3,seediv,conformer,ea_forward,MeanLinf3,full_test,5,complete,22.061088977423637,3.456221330614835,
main_linf3,seediv,conformer,RPCF+TNP-r25,MeanLinf3,subset_n512,0,pending,,,
main_linf3,seediv,conformer,RPCF+TNP-r30,MeanLinf3,subset_n512,0,pending,,,
main_linf3,seediv,tcnet,madry,MeanLinf3,full_test,5,complete,31.759185480301017,0.2426562905799164,
main_linf3,seediv,tcnet,trades,MeanLinf3,full_test,5,complete,0.6994245241257194,0.30847722691782825,
main_linf3,seediv,tcnet,fbf,MeanLinf3,full_test,5,complete,8.090305444887118,0.7309453829771907,
main_linf3,seediv,tcnet,ea_forward,MeanLinf3,full_test,5,complete,22.532093846834883,2.368987088933909,
main_linf3,seediv,tcnet,RPCF+TNP-r25,MeanLinf3,subset_n512,0,pending,,,
main_linf3,seediv,tcnet,RPCF+TNP-r30,MeanLinf3,subset_n512,0,pending,,,
main_linf3,bciciv2a,eegnet,madry,MeanLinf3,full_test,5,complete,29.25925925925926,2.7530423472030168,
main_linf3,bciciv2a,eegnet,trades,MeanLinf3,full_test,5,complete,4.150702426564496,0.6337622363115963,
main_linf3,bciciv2a,eegnet,fbf,MeanLinf3,full_test,5,complete,7.266922094508302,0.837962947756028,
main_linf3,bciciv2a,eegnet,ea_forward,MeanLinf3,full_test,5,complete,0.11494252873563217,0.1049276930086525,
main_linf3,bciciv2a,eegnet,RPCF+TNP-r25,MeanLinf3,subset_n512,0,pending,,,
main_linf3,bciciv2a,eegnet,RPCF+TNP-r30,MeanLinf3,subset_n512,0,pending,,,
main_linf3,bciciv2a,deepconvnet,madry,MeanLinf3,full_test,5,complete,16.819923371647512,2.064565745798068,
main_linf3,bciciv2a,deepconvnet,trades,MeanLinf3,full_test,5,complete,5.402298850574713,1.3444885497302212,
main_linf3,bciciv2a,deepconvnet,fbf,MeanLinf3,full_test,5,complete,10.600255427841635,2.1513257379212023,
main_linf3,bciciv2a,deepconvnet,ea_forward,MeanLinf3,full_test,5,complete,1.9795657726692208,0.6007307701860402,
main_linf3,bciciv2a,deepconvnet,RPCF+TNP-r25,MeanLinf3,subset_n512,0,pending,,,
main_linf3,bciciv2a,deepconvnet,RPCF+TNP-r30,MeanLinf3,subset_n512,0,pending,,,
main_linf3,bciciv2a,tsception,madry,MeanLinf3,full_test,5,complete,24.853128991060025,1.4599382675068833,
main_linf3,bciciv2a,tsception,trades,MeanLinf3,full_test,5,complete,0.3448275862068965,0.2328810029222282,
main_linf3,bciciv2a,tsception,fbf,MeanLinf3,full_test,5,complete,4.329501915708812,1.8515215277682684,
main_linf3,bciciv2a,tsception,ea_forward,MeanLinf3,full_test,5,complete,23.908045977011493,1.7262651840718493,
main_linf3,bciciv2a,tsception,RPCF+TNP-r25,MeanLinf3,subset_n512,0,pending,,,
main_linf3,bciciv2a,tsception,RPCF+TNP-r30,MeanLinf3,subset_n512,0,pending,,,
main_linf3,bciciv2a,atcnet,madry,MeanLinf3,full_test,5,complete,24.802043422733078,1.0991932885703655,
main_linf3,bciciv2a,atcnet,trades,MeanLinf3,full_test,5,complete,1.5581098339719028,0.43450896133343553,
main_linf3,bciciv2a,atcnet,fbf,MeanLinf3,full_test,5,complete,8.9272030651341,1.8993554878077303,
main_linf3,bciciv2a,atcnet,ea_forward,MeanLinf3,full_test,5,complete,6.909323116219667,4.206424286128001,
main_linf3,bciciv2a,atcnet,RPCF+TNP-r25,MeanLinf3,subset_n512,0,pending,,,
main_linf3,bciciv2a,atcnet,RPCF+TNP-r30,MeanLinf3,subset_n512,0,pending,,,
main_linf3,bciciv2a,conformer,madry,MeanLinf3,full_test,5,complete,20.29374201787995,1.4159840012370444,
main_linf3,bciciv2a,conformer,trades,MeanLinf3,full_test,5,complete,5.440613026819923,1.492396047521552,
main_linf3,bciciv2a,conformer,fbf,MeanLinf3,full_test,5,complete,12.439335887611751,0.6809080593903616,
main_linf3,bciciv2a,conformer,ea_forward,MeanLinf3,full_test,5,complete,9.923371647509578,10.027637236380086,
main_linf3,bciciv2a,conformer,RPCF+TNP-r25,MeanLinf3,subset_n512,0,pending,,,
main_linf3,bciciv2a,conformer,RPCF+TNP-r30,MeanLinf3,subset_n512,0,pending,,,
main_linf3,bciciv2a,tcnet,madry,MeanLinf3,full_test,5,complete,15.849297573435503,11.220614673253012,
main_linf3,bciciv2a,tcnet,trades,MeanLinf3,full_test,5,complete,5.376756066411239,0.3788607145387312,
main_linf3,bciciv2a,tcnet,fbf,MeanLinf3,full_test,5,complete,13.818646232439336,1.0092632490488047,
main_linf3,bciciv2a,tcnet,ea_forward,MeanLinf3,full_test,5,complete,3.4099616858237547,2.375873708938764,
main_linf3,bciciv2a,tcnet,RPCF+TNP-r25,MeanLinf3,subset_n512,0,pending,,,
main_linf3,bciciv2a,tcnet,RPCF+TNP-r30,MeanLinf3,subset_n512,0,pending,,,
ablation,thubenchmark,eegnet,A-r25,PGD,subset_n512,5,complete,77.8125,1.4654946470550054,
ablation,thubenchmark,eegnet,B-r25,PGD,subset_n512,5,complete,77.890625,1.8600888204389259,
ablation,thubenchmark,eegnet,C-r25,PGD,subset_n512,5,complete,79.140625,0.940749576468148,
ablation,thubenchmark,eegnet,D-r25,PGD,subset_n512,5,complete,81.953125,1.1438711300270563,
ablation_delta,thubenchmark,eegnet,B−A-r25,PGD,subset_n512,5,complete,0.078125,0.684987418623054,3
ablation_delta,thubenchmark,eegnet,D−C-r25,PGD,subset_n512,5,complete,2.8125,1.2551772666452834,5
ablation_delta,thubenchmark,eegnet,D−B-r25,PGD,subset_n512,5,complete,4.0625,1.4043498447068399,5
ablation,thubenchmark,deepconvnet,A-r25,PGD,subset_n512,5,complete,75.8203125,1.7868692205441687,
ablation,thubenchmark,deepconvnet,B-r25,PGD,subset_n512,5,complete,76.796875,1.33471480963046,
ablation,thubenchmark,deepconvnet,C-r25,PGD,subset_n512,5,complete,78.59375,1.0572162970878405,
ablation,thubenchmark,deepconvnet,D-r25,PGD,subset_n512,5,complete,78.7109375,1.5254393898255185,
ablation_delta,thubenchmark,deepconvnet,B−A-r25,PGD,subset_n512,5,complete,0.9765625,1.3460985109463106,4
ablation_delta,thubenchmark,deepconvnet,D−C-r25,PGD,subset_n512,5,complete,0.1171875,0.6268283803078598,3
ablation_delta,thubenchmark,deepconvnet,D−B-r25,PGD,subset_n512,5,complete,1.9140625,0.34938562148434216,5
ablation,thubenchmark,tsception,A-r25,PGD,subset_n512,5,complete,39.9609375,2.1510992034778695,
ablation,thubenchmark,tsception,B-r25,PGD,subset_n512,5,complete,36.171875,2.3696485762661097,
ablation,thubenchmark,tsception,C-r25,PGD,subset_n512,5,complete,48.7109375,2.2380119547861277,
ablation,thubenchmark,tsception,D-r25,PGD,subset_n512,5,complete,46.3671875,1.1767476821400054,
ablation_delta,thubenchmark,tsception,B−A-r25,PGD,subset_n512,5,complete,-3.7890625,1.0111077426206863,0
ablation_delta,thubenchmark,tsception,D−C-r25,PGD,subset_n512,5,complete,-2.34375,2.0250431009109104,0
ablation_delta,thubenchmark,tsception,D−B-r25,PGD,subset_n512,5,complete,10.1953125,2.017493985721364,5
ablation,thubenchmark,atcnet,A-r25,PGD,subset_n512,5,complete,85.7421875,1.680141653719263,
ablation,thubenchmark,atcnet,B-r25,PGD,subset_n512,5,complete,85.9765625,1.829067932569243,
ablation,thubenchmark,atcnet,C-r25,PGD,subset_n512,5,complete,82.96875,1.6070314399003292,
ablation,thubenchmark,atcnet,D-r25,PGD,subset_n512,5,complete,84.3359375,1.2911323344561259,
ablation_delta,thubenchmark,atcnet,B−A-r25,PGD,subset_n512,5,complete,0.234375,1.1751256997258845,2
ablation_delta,thubenchmark,atcnet,D−C-r25,PGD,subset_n512,5,complete,1.3671875,1.3246738248291539,5
ablation_delta,thubenchmark,atcnet,D−B-r25,PGD,subset_n512,5,complete,-1.640625,0.8580422904878436,0
ablation,thubenchmark,conformer,A-r25,PGD,subset_n512,5,complete,75.3125,1.412475369669105,
ablation,thubenchmark,conformer,B-r25,PGD,subset_n512,5,complete,74.21875,2.527769356551716,
ablation,thubenchmark,conformer,C-r25,PGD,subset_n512,5,complete,79.0625,1.9255871162290996,
ablation,thubenchmark,conformer,D-r25,PGD,subset_n512,5,complete,78.4375,1.8662311227486335,
ablation_delta,thubenchmark,conformer,B−A-r25,PGD,subset_n512,5,complete,-1.09375,3.1146067402618223,2
ablation_delta,thubenchmark,conformer,D−C-r25,PGD,subset_n512,5,complete,-0.625,2.947213204677959,1
ablation_delta,thubenchmark,conformer,D−B-r25,PGD,subset_n512,5,complete,4.21875,1.4589726091393045,5
ablation,thubenchmark,tcnet,A-r25,PGD,subset_n512,5,complete,49.84375,4.1117804271689895,
ablation,thubenchmark,tcnet,B-r25,PGD,subset_n512,5,complete,49.53125,2.9478603038634223,
ablation,thubenchmark,tcnet,C-r25,PGD,subset_n512,5,complete,56.25,4.113171814189978,
ablation,thubenchmark,tcnet,D-r25,PGD,subset_n512,5,complete,58.7890625,2.847144479904932,
ablation_delta,thubenchmark,tcnet,B−A-r25,PGD,subset_n512,5,complete,-0.3125,1.8508371469503333,2
ablation_delta,thubenchmark,tcnet,D−C-r25,PGD,subset_n512,5,complete,2.5390625,3.0757843257858637,4
ablation_delta,thubenchmark,tcnet,D−B-r25,PGD,subset_n512,5,complete,9.2578125,2.7119617121421533,5
ablation,seediv,eegnet,A-r25,PGD,subset_n512,5,complete,25.46875,4.2959871241769045,
ablation,seediv,eegnet,B-r25,PGD,subset_n512,5,complete,28.046875,2.3543056570787755,
ablation,seediv,eegnet,C-r25,PGD,subset_n512,5,complete,26.40625,4.473892773942439,
ablation,seediv,eegnet,D-r25,PGD,subset_n512,5,complete,30.2734375,2.392079826936697,
ablation_delta,seediv,eegnet,B−A-r25,PGD,subset_n512,5,complete,2.578125,3.09248218182771,3
ablation_delta,seediv,eegnet,D−C-r25,PGD,subset_n512,5,complete,3.8671875,3.9821723384608965,4
ablation_delta,seediv,eegnet,D−B-r25,PGD,subset_n512,5,complete,2.2265625,0.8580422904878436,5
ablation,seediv,deepconvnet,A-r25,PGD,subset_n512,5,complete,23.0078125,2.224334137110615,
ablation,seediv,deepconvnet,B-r25,PGD,subset_n512,5,complete,20.078125,1.3058214570661546,
ablation,seediv,deepconvnet,C-r25,PGD,subset_n512,5,complete,25.46875,2.6079887316875765,
ablation,seediv,deepconvnet,D-r25,PGD,subset_n512,5,complete,24.765625,1.7868692205441687,
ablation_delta,seediv,deepconvnet,B−A-r25,PGD,subset_n512,5,complete,-2.9296875,1.6970846872053484,0
ablation_delta,seediv,deepconvnet,D−C-r25,PGD,subset_n512,5,complete,-0.703125,1.2551772666452834,2
ablation_delta,seediv,deepconvnet,D−B-r25,PGD,subset_n512,5,complete,4.6875,0.9468124721516268,5
ablation,seediv,tsception,A-r25,PGD,subset_n512,5,complete,32.8515625,3.0175623229764246,
ablation,seediv,tsception,B-r25,PGD,subset_n512,5,complete,31.953125,2.5933205122577645,
ablation,seediv,tsception,C-r25,PGD,subset_n512,5,complete,35.1171875,2.258373362431603,
ablation,seediv,tsception,D-r25,PGD,subset_n512,5,complete,35.625,3.0900141190388393,
ablation_delta,seediv,tsception,B−A-r25,PGD,subset_n512,5,complete,-0.8984375,1.2475562048961963,1
ablation_delta,seediv,tsception,D−C-r25,PGD,subset_n512,5,complete,0.5078125,1.951170897459715,3
ablation_delta,seediv,tsception,D−B-r25,PGD,subset_n512,5,complete,3.671875,1.0463355653108495,5
ablation,seediv,atcnet,A-r25,PGD,subset_n512,2,pending,,,
ablation,seediv,atcnet,B-r25,PGD,subset_n512,2,pending,,,
ablation,seediv,atcnet,C-r25,PGD,subset_n512,2,pending,,,
ablation,seediv,atcnet,D-r25,PGD,subset_n512,2,pending,,,
ablation_delta,seediv,atcnet,B−A-r25,PGD,subset_n512,2,pending,,,
ablation_delta,seediv,atcnet,D−C-r25,PGD,subset_n512,2,pending,,,
ablation_delta,seediv,atcnet,D−B-r25,PGD,subset_n512,2,pending,,,
ablation,seediv,conformer,A-r25,PGD,subset_n512,0,pending,,,
ablation,seediv,conformer,B-r25,PGD,subset_n512,0,pending,,,
ablation,seediv,conformer,C-r25,PGD,subset_n512,0,pending,,,
ablation,seediv,conformer,D-r25,PGD,subset_n512,0,pending,,,
ablation_delta,seediv,conformer,B−A-r25,PGD,subset_n512,0,pending,,,
ablation_delta,seediv,conformer,D−C-r25,PGD,subset_n512,0,pending,,,
ablation_delta,seediv,conformer,D−B-r25,PGD,subset_n512,0,pending,,,
ablation,seediv,tcnet,A-r25,PGD,subset_n512,0,pending,,,
ablation,seediv,tcnet,B-r25,PGD,subset_n512,0,pending,,,
ablation,seediv,tcnet,C-r25,PGD,subset_n512,0,pending,,,
ablation,seediv,tcnet,D-r25,PGD,subset_n512,0,pending,,,
ablation_delta,seediv,tcnet,B−A-r25,PGD,subset_n512,0,pending,,,
ablation_delta,seediv,tcnet,D−C-r25,PGD,subset_n512,0,pending,,,
ablation_delta,seediv,tcnet,D−B-r25,PGD,subset_n512,0,pending,,,
ablation,bciciv2a,eegnet,A-r25,PGD,subset_n512,0,pending,,,
ablation,bciciv2a,eegnet,B-r25,PGD,subset_n512,0,pending,,,
ablation,bciciv2a,eegnet,C-r25,PGD,subset_n512,0,pending,,,
ablation,bciciv2a,eegnet,D-r25,PGD,subset_n512,0,pending,,,
ablation_delta,bciciv2a,eegnet,B−A-r25,PGD,subset_n512,0,pending,,,
ablation_delta,bciciv2a,eegnet,D−C-r25,PGD,subset_n512,0,pending,,,
ablation_delta,bciciv2a,eegnet,D−B-r25,PGD,subset_n512,0,pending,,,
ablation,bciciv2a,deepconvnet,A-r25,PGD,subset_n512,0,pending,,,
ablation,bciciv2a,deepconvnet,B-r25,PGD,subset_n512,0,pending,,,
ablation,bciciv2a,deepconvnet,C-r25,PGD,subset_n512,0,pending,,,
ablation,bciciv2a,deepconvnet,D-r25,PGD,subset_n512,0,pending,,,
ablation_delta,bciciv2a,deepconvnet,B−A-r25,PGD,subset_n512,0,pending,,,
ablation_delta,bciciv2a,deepconvnet,D−C-r25,PGD,subset_n512,0,pending,,,
ablation_delta,bciciv2a,deepconvnet,D−B-r25,PGD,subset_n512,0,pending,,,
ablation,bciciv2a,tsception,A-r25,PGD,subset_n512,0,pending,,,
ablation,bciciv2a,tsception,B-r25,PGD,subset_n512,0,pending,,,
ablation,bciciv2a,tsception,C-r25,PGD,subset_n512,0,pending,,,
ablation,bciciv2a,tsception,D-r25,PGD,subset_n512,0,pending,,,
ablation_delta,bciciv2a,tsception,B−A-r25,PGD,subset_n512,0,pending,,,
ablation_delta,bciciv2a,tsception,D−C-r25,PGD,subset_n512,0,pending,,,
ablation_delta,bciciv2a,tsception,D−B-r25,PGD,subset_n512,0,pending,,,
ablation,bciciv2a,atcnet,A-r25,PGD,subset_n512,0,pending,,,
ablation,bciciv2a,atcnet,B-r25,PGD,subset_n512,0,pending,,,
ablation,bciciv2a,atcnet,C-r25,PGD,subset_n512,0,pending,,,
ablation,bciciv2a,atcnet,D-r25,PGD,subset_n512,0,pending,,,
ablation_delta,bciciv2a,atcnet,B−A-r25,PGD,subset_n512,0,pending,,,
ablation_delta,bciciv2a,atcnet,D−C-r25,PGD,subset_n512,0,pending,,,
ablation_delta,bciciv2a,atcnet,D−B-r25,PGD,subset_n512,0,pending,,,
ablation,bciciv2a,conformer,A-r25,PGD,subset_n512,0,pending,,,
ablation,bciciv2a,conformer,B-r25,PGD,subset_n512,0,pending,,,
ablation,bciciv2a,conformer,C-r25,PGD,subset_n512,0,pending,,,
ablation,bciciv2a,conformer,D-r25,PGD,subset_n512,0,pending,,,
ablation_delta,bciciv2a,conformer,B−A-r25,PGD,subset_n512,0,pending,,,
ablation_delta,bciciv2a,conformer,D−C-r25,PGD,subset_n512,0,pending,,,
ablation_delta,bciciv2a,conformer,D−B-r25,PGD,subset_n512,0,pending,,,
ablation,bciciv2a,tcnet,A-r25,PGD,subset_n512,0,pending,,,
ablation,bciciv2a,tcnet,B-r25,PGD,subset_n512,0,pending,,,
ablation,bciciv2a,tcnet,C-r25,PGD,subset_n512,0,pending,,,
ablation,bciciv2a,tcnet,D-r25,PGD,subset_n512,0,pending,,,
ablation_delta,bciciv2a,tcnet,B−A-r25,PGD,subset_n512,0,pending,,,
ablation_delta,bciciv2a,tcnet,D−C-r25,PGD,subset_n512,0,pending,,,
ablation_delta,bciciv2a,tcnet,D−B-r25,PGD,subset_n512,0,pending,,,
ablation,thubenchmark,eegnet,A-r30,PGD,subset_n512,5,complete,77.8125,1.4654946470550054,
ablation,thubenchmark,eegnet,B-r30,PGD,subset_n512,5,complete,77.890625,1.8600888204389259,
ablation,thubenchmark,eegnet,C-r30,PGD,subset_n512,5,complete,79.4921875,1.9677189140244027,
ablation,thubenchmark,eegnet,D-r30,PGD,subset_n512,5,complete,81.40625,1.0996631453327537,
ablation_delta,thubenchmark,eegnet,B−A-r30,PGD,subset_n512,5,complete,0.078125,0.684987418623054,3
ablation_delta,thubenchmark,eegnet,D−C-r30,PGD,subset_n512,5,complete,1.9140625,1.8238464890513675,4
ablation_delta,thubenchmark,eegnet,D−B-r30,PGD,subset_n512,5,complete,3.515625,0.9468124721516268,5
ablation,thubenchmark,deepconvnet,A-r30,PGD,subset_n512,5,complete,75.8203125,1.7868692205441687,
ablation,thubenchmark,deepconvnet,B-r30,PGD,subset_n512,5,complete,76.796875,1.33471480963046,
ablation,thubenchmark,deepconvnet,C-r30,PGD,subset_n512,5,complete,77.8125,1.3852049395700894,
ablation,thubenchmark,deepconvnet,D-r30,PGD,subset_n512,5,complete,78.203125,1.1686152579415305,
ablation_delta,thubenchmark,deepconvnet,B−A-r30,PGD,subset_n512,5,complete,0.9765625,1.3460985109463106,4
ablation_delta,thubenchmark,deepconvnet,D−C-r30,PGD,subset_n512,5,complete,0.390625,0.8400708268596315,3
ablation_delta,thubenchmark,deepconvnet,D−B-r30,PGD,subset_n512,5,complete,1.40625,0.6388838763201612,5
ablation,thubenchmark,tsception,A-r30,PGD,subset_n512,5,complete,39.9609375,2.1510992034778695,
ablation,thubenchmark,tsception,B-r30,PGD,subset_n512,5,complete,36.171875,2.3696485762661097,
ablation,thubenchmark,tsception,C-r30,PGD,subset_n512,5,complete,47.0703125,1.7632295005144325,
ablation,thubenchmark,tsception,D-r30,PGD,subset_n512,5,complete,45.1171875,0.8400708268596315,
ablation_delta,thubenchmark,tsception,B−A-r30,PGD,subset_n512,5,complete,-3.7890625,1.0111077426206863,0
ablation_delta,thubenchmark,tsception,D−C-r30,PGD,subset_n512,5,complete,-1.953125,1.943334838098867,1
ablation_delta,thubenchmark,tsception,D−B-r30,PGD,subset_n512,5,complete,8.9453125,2.506552691743059,5
ablation,thubenchmark,atcnet,A-r30,PGD,subset_n512,5,complete,85.7421875,1.680141653719263,
ablation,thubenchmark,atcnet,B-r30,PGD,subset_n512,5,complete,85.9765625,1.829067932569243,
ablation,thubenchmark,atcnet,C-r30,PGD,subset_n512,5,complete,83.515625,1.4392291739797296,
ablation,thubenchmark,atcnet,D-r30,PGD,subset_n512,5,complete,84.765625,1.2955565587325781,
ablation_delta,thubenchmark,atcnet,B−A-r30,PGD,subset_n512,5,complete,0.234375,1.1751256997258845,2
ablation_delta,thubenchmark,atcnet,D−C-r30,PGD,subset_n512,5,complete,1.25,1.2087303474035782,5
ablation_delta,thubenchmark,atcnet,D−B-r30,PGD,subset_n512,5,complete,-1.2109375,0.7488394340890943,0
ablation,thubenchmark,conformer,A-r30,PGD,subset_n512,5,complete,75.3125,1.412475369669105,
ablation,thubenchmark,conformer,B-r30,PGD,subset_n512,5,complete,74.21875,2.527769356551716,
ablation,thubenchmark,conformer,C-r30,PGD,subset_n512,5,complete,78.28125,1.6653182615072035,
ablation,thubenchmark,conformer,D-r30,PGD,subset_n512,5,complete,78.28125,1.2228496751951974,
ablation_delta,thubenchmark,conformer,B−A-r30,PGD,subset_n512,5,complete,-1.09375,3.1146067402618223,2
ablation_delta,thubenchmark,conformer,D−C-r30,PGD,subset_n512,5,complete,0.0,2.273524751332581,3
ablation_delta,thubenchmark,conformer,D−B-r30,PGD,subset_n512,5,complete,4.0625,1.4706914528919297,5
ablation,thubenchmark,tcnet,A-r30,PGD,subset_n512,5,complete,49.84375,4.1117804271689895,
ablation,thubenchmark,tcnet,B-r30,PGD,subset_n512,5,complete,49.53125,2.9478603038634223,
ablation,thubenchmark,tcnet,C-r30,PGD,subset_n512,5,complete,55.3515625,3.1962101428635368,
ablation,thubenchmark,tcnet,D-r30,PGD,subset_n512,5,complete,57.96875,3.6314471560612893,
ablation_delta,thubenchmark,tcnet,B−A-r30,PGD,subset_n512,5,complete,-0.3125,1.8508371469503333,2
ablation_delta,thubenchmark,tcnet,D−C-r30,PGD,subset_n512,5,complete,2.6171875,2.743428093659122,3
ablation_delta,thubenchmark,tcnet,D−B-r30,PGD,subset_n512,5,complete,8.4375,3.089396795265016,5
ablation,seediv,eegnet,A-r30,PGD,subset_n512,5,complete,25.46875,4.2959871241769045,
ablation,seediv,eegnet,B-r30,PGD,subset_n512,5,complete,28.046875,2.3543056570787755,
ablation,seediv,eegnet,C-r30,PGD,subset_n512,5,complete,26.2890625,4.396917754767252,
ablation,seediv,eegnet,D-r30,PGD,subset_n512,5,complete,29.53125,2.498931656494056,
ablation_delta,seediv,eegnet,B−A-r30,PGD,subset_n512,5,complete,2.578125,3.09248218182771,3
ablation_delta,seediv,eegnet,D−C-r30,PGD,subset_n512,5,complete,3.2421875,4.116879880585767,4
ablation_delta,seediv,eegnet,D−B-r30,PGD,subset_n512,5,complete,1.484375,1.4524212845764224,5
ablation,seediv,deepconvnet,A-r30,PGD,subset_n512,5,complete,23.0078125,2.224334137110615,
ablation,seediv,deepconvnet,B-r30,PGD,subset_n512,5,complete,20.078125,1.3058214570661546,
ablation,seediv,deepconvnet,C-r30,PGD,subset_n512,5,complete,25.3515625,1.9744924931406425,
ablation,seediv,deepconvnet,D-r30,PGD,subset_n512,5,complete,24.765625,1.283724744152733,
ablation_delta,seediv,deepconvnet,B−A-r30,PGD,subset_n512,5,complete,-2.9296875,1.6970846872053484,0
ablation_delta,seediv,deepconvnet,D−C-r30,PGD,subset_n512,5,complete,-0.5859375,1.1637085242004868,1
ablation_delta,seediv,deepconvnet,D−B-r30,PGD,subset_n512,5,complete,4.6875,0.6477782793662891,5
ablation,seediv,tsception,A-r30,PGD,subset_n512,5,complete,32.8515625,3.0175623229764246,
ablation,seediv,tsception,B-r30,PGD,subset_n512,5,complete,31.953125,2.5933205122577645,
ablation,seediv,tsception,C-r30,PGD,subset_n512,5,complete,35.15625,2.631287809630367,
ablation,seediv,tsception,D-r30,PGD,subset_n512,5,complete,35.46875,3.536181222267709,
ablation_delta,seediv,tsception,B−A-r30,PGD,subset_n512,5,complete,-0.8984375,1.2475562048961963,1
ablation_delta,seediv,tsception,D−C-r30,PGD,subset_n512,5,complete,0.3125,0.9824044015593196,2
ablation_delta,seediv,tsception,D−B-r30,PGD,subset_n512,5,complete,3.515625,1.3460985109463106,5
ablation,seediv,atcnet,A-r30,PGD,subset_n512,2,pending,,,
ablation,seediv,atcnet,B-r30,PGD,subset_n512,2,pending,,,
ablation,seediv,atcnet,C-r30,PGD,subset_n512,2,pending,,,
ablation,seediv,atcnet,D-r30,PGD,subset_n512,2,pending,,,
ablation_delta,seediv,atcnet,B−A-r30,PGD,subset_n512,2,pending,,,
ablation_delta,seediv,atcnet,D−C-r30,PGD,subset_n512,2,pending,,,
ablation_delta,seediv,atcnet,D−B-r30,PGD,subset_n512,2,pending,,,
ablation,seediv,conformer,A-r30,PGD,subset_n512,0,pending,,,
ablation,seediv,conformer,B-r30,PGD,subset_n512,0,pending,,,
ablation,seediv,conformer,C-r30,PGD,subset_n512,0,pending,,,
ablation,seediv,conformer,D-r30,PGD,subset_n512,0,pending,,,
ablation_delta,seediv,conformer,B−A-r30,PGD,subset_n512,0,pending,,,
ablation_delta,seediv,conformer,D−C-r30,PGD,subset_n512,0,pending,,,
ablation_delta,seediv,conformer,D−B-r30,PGD,subset_n512,0,pending,,,
ablation,seediv,tcnet,A-r30,PGD,subset_n512,0,pending,,,
ablation,seediv,tcnet,B-r30,PGD,subset_n512,0,pending,,,
ablation,seediv,tcnet,C-r30,PGD,subset_n512,0,pending,,,
ablation,seediv,tcnet,D-r30,PGD,subset_n512,0,pending,,,
ablation_delta,seediv,tcnet,B−A-r30,PGD,subset_n512,0,pending,,,
ablation_delta,seediv,tcnet,D−C-r30,PGD,subset_n512,0,pending,,,
ablation_delta,seediv,tcnet,D−B-r30,PGD,subset_n512,0,pending,,,
ablation,bciciv2a,eegnet,A-r30,PGD,subset_n512,0,pending,,,
ablation,bciciv2a,eegnet,B-r30,PGD,subset_n512,0,pending,,,
ablation,bciciv2a,eegnet,C-r30,PGD,subset_n512,0,pending,,,
ablation,bciciv2a,eegnet,D-r30,PGD,subset_n512,0,pending,,,
ablation_delta,bciciv2a,eegnet,B−A-r30,PGD,subset_n512,0,pending,,,
ablation_delta,bciciv2a,eegnet,D−C-r30,PGD,subset_n512,0,pending,,,
ablation_delta,bciciv2a,eegnet,D−B-r30,PGD,subset_n512,0,pending,,,
ablation,bciciv2a,deepconvnet,A-r30,PGD,subset_n512,0,pending,,,
ablation,bciciv2a,deepconvnet,B-r30,PGD,subset_n512,0,pending,,,
ablation,bciciv2a,deepconvnet,C-r30,PGD,subset_n512,0,pending,,,
ablation,bciciv2a,deepconvnet,D-r30,PGD,subset_n512,0,pending,,,
ablation_delta,bciciv2a,deepconvnet,B−A-r30,PGD,subset_n512,0,pending,,,
ablation_delta,bciciv2a,deepconvnet,D−C-r30,PGD,subset_n512,0,pending,,,
ablation_delta,bciciv2a,deepconvnet,D−B-r30,PGD,subset_n512,0,pending,,,
ablation,bciciv2a,tsception,A-r30,PGD,subset_n512,0,pending,,,
ablation,bciciv2a,tsception,B-r30,PGD,subset_n512,0,pending,,,
ablation,bciciv2a,tsception,C-r30,PGD,subset_n512,0,pending,,,
ablation,bciciv2a,tsception,D-r30,PGD,subset_n512,0,pending,,,
ablation_delta,bciciv2a,tsception,B−A-r30,PGD,subset_n512,0,pending,,,
ablation_delta,bciciv2a,tsception,D−C-r30,PGD,subset_n512,0,pending,,,
ablation_delta,bciciv2a,tsception,D−B-r30,PGD,subset_n512,0,pending,,,
ablation,bciciv2a,atcnet,A-r30,PGD,subset_n512,0,pending,,,
ablation,bciciv2a,atcnet,B-r30,PGD,subset_n512,0,pending,,,
ablation,bciciv2a,atcnet,C-r30,PGD,subset_n512,0,pending,,,
ablation,bciciv2a,atcnet,D-r30,PGD,subset_n512,0,pending,,,
ablation_delta,bciciv2a,atcnet,B−A-r30,PGD,subset_n512,0,pending,,,
ablation_delta,bciciv2a,atcnet,D−C-r30,PGD,subset_n512,0,pending,,,
ablation_delta,bciciv2a,atcnet,D−B-r30,PGD,subset_n512,0,pending,,,
ablation,bciciv2a,conformer,A-r30,PGD,subset_n512,0,pending,,,
ablation,bciciv2a,conformer,B-r30,PGD,subset_n512,0,pending,,,
ablation,bciciv2a,conformer,C-r30,PGD,subset_n512,0,pending,,,
ablation,bciciv2a,conformer,D-r30,PGD,subset_n512,0,pending,,,
ablation_delta,bciciv2a,conformer,B−A-r30,PGD,subset_n512,0,pending,,,
ablation_delta,bciciv2a,conformer,D−C-r30,PGD,subset_n512,0,pending,,,
ablation_delta,bciciv2a,conformer,D−B-r30,PGD,subset_n512,0,pending,,,
ablation,bciciv2a,tcnet,A-r30,PGD,subset_n512,0,pending,,,
ablation,bciciv2a,tcnet,B-r30,PGD,subset_n512,0,pending,,,
ablation,bciciv2a,tcnet,C-r30,PGD,subset_n512,0,pending,,,
ablation,bciciv2a,tcnet,D-r30,PGD,subset_n512,0,pending,,,
ablation_delta,bciciv2a,tcnet,B−A-r30,PGD,subset_n512,0,pending,,,
ablation_delta,bciciv2a,tcnet,D−C-r30,PGD,subset_n512,0,pending,,,
ablation_delta,bciciv2a,tcnet,D−B-r30,PGD,subset_n512,0,pending,,,
ablation,thubenchmark,eegnet,A-r25,Mean4,subset_n512,5,complete,58.408203125,0.9943449338806829,
ablation,thubenchmark,eegnet,B-r25,Mean4,subset_n512,5,complete,58.525390625,1.1923464207949874,
ablation,thubenchmark,eegnet,C-r25,Mean4,subset_n512,5,complete,66.611328125,1.229169856352897,
ablation,thubenchmark,eegnet,D-r25,Mean4,subset_n512,5,complete,68.310546875,1.0803050239178509,
ablation_delta,thubenchmark,eegnet,B−A-r25,Mean4,subset_n512,5,complete,0.1171875,0.3679969469026713,2
ablation_delta,thubenchmark,eegnet,D−C-r25,Mean4,subset_n512,5,complete,1.69921875,0.911792512212701,5
ablation_delta,thubenchmark,eegnet,D−B-r25,Mean4,subset_n512,5,complete,9.78515625,0.7156277718969243,5
ablation,thubenchmark,deepconvnet,A-r25,Mean4,subset_n512,5,complete,57.265625,1.3581769201796903,
ablation,thubenchmark,deepconvnet,B-r25,Mean4,subset_n512,5,complete,58.203125,1.0697706201272776,
ablation,thubenchmark,deepconvnet,C-r25,Mean4,subset_n512,5,complete,63.720703125,1.6297186785428355,
ablation,thubenchmark,deepconvnet,D-r25,Mean4,subset_n512,5,complete,61.015625,0.5986176779795669,
ablation_delta,thubenchmark,deepconvnet,B−A-r25,Mean4,subset_n512,5,complete,0.9375,1.0849297327589533,4
ablation_delta,thubenchmark,deepconvnet,D−C-r25,Mean4,subset_n512,5,complete,-2.705078125,1.4996674486915555,0
ablation_delta,thubenchmark,deepconvnet,D−B-r25,Mean4,subset_n512,5,complete,2.8125,0.5465697390217078,5
ablation,thubenchmark,tsception,A-r25,Mean4,subset_n512,5,complete,31.083984375,1.696241554908279,
ablation,thubenchmark,tsception,B-r25,Mean4,subset_n512,5,complete,29.0625,1.4968030557883636,
ablation,thubenchmark,tsception,C-r25,Mean4,subset_n512,5,complete,41.69921875,2.188295492216461,
ablation,thubenchmark,tsception,D-r25,Mean4,subset_n512,5,complete,40.703125,1.1963388860798096,
ablation_delta,thubenchmark,tsception,B−A-r25,Mean4,subset_n512,5,complete,-2.021484375,0.7855108418824299,0
ablation_delta,thubenchmark,tsception,D−C-r25,Mean4,subset_n512,5,complete,-0.99609375,2.160223795988481,1
ablation_delta,thubenchmark,tsception,D−B-r25,Mean4,subset_n512,5,complete,11.640625,1.6306693143368236,5
ablation,thubenchmark,atcnet,A-r25,Mean4,subset_n512,5,complete,64.345703125,1.3616832560007675,
ablation,thubenchmark,atcnet,B-r25,Mean4,subset_n512,5,complete,64.697265625,1.321971325261805,
ablation,thubenchmark,atcnet,C-r25,Mean4,subset_n512,5,complete,73.125,1.373537846741277,
ablation,thubenchmark,atcnet,D-r25,Mean4,subset_n512,5,complete,72.509765625,2.0271024174460033,
ablation_delta,thubenchmark,atcnet,B−A-r25,Mean4,subset_n512,5,complete,0.3515625,0.8986232399715646,4
ablation_delta,thubenchmark,atcnet,D−C-r25,Mean4,subset_n512,5,complete,-0.615234375,0.8468548198702656,1
ablation_delta,thubenchmark,atcnet,D−B-r25,Mean4,subset_n512,5,complete,7.8125,1.952209257978887,5
ablation,thubenchmark,conformer,A-r25,Mean4,subset_n512,5,complete,57.392578125,0.9261911506851174,
ablation,thubenchmark,conformer,B-r25,Mean4,subset_n512,5,complete,56.337890625,1.852060500505904,
ablation,thubenchmark,conformer,C-r25,Mean4,subset_n512,5,complete,64.53125,1.420890047763032,
ablation,thubenchmark,conformer,D-r25,Mean4,subset_n512,5,complete,65.751953125,0.6709204702077214,
ablation_delta,thubenchmark,conformer,B−A-r25,Mean4,subset_n512,5,complete,-1.0546875,2.1588437609695945,1
ablation_delta,thubenchmark,conformer,D−C-r25,Mean4,subset_n512,5,complete,1.220703125,1.3314060746519512,4
ablation_delta,thubenchmark,conformer,D−B-r25,Mean4,subset_n512,5,complete,9.4140625,1.537659601130951,5
ablation,thubenchmark,tcnet,A-r25,Mean4,subset_n512,5,complete,37.587890625,2.8639266677504076,
ablation,thubenchmark,tcnet,B-r25,Mean4,subset_n512,5,complete,37.890625,2.4213039586362184,
ablation,thubenchmark,tcnet,C-r25,Mean4,subset_n512,5,complete,45.44921875,2.7261665297178577,
ablation,thubenchmark,tcnet,D-r25,Mean4,subset_n512,5,complete,47.05078125,2.5660561797487897,
ablation_delta,thubenchmark,tcnet,B−A-r25,Mean4,subset_n512,5,complete,0.302734375,0.8972956823845619,3
ablation_delta,thubenchmark,tcnet,D−C-r25,Mean4,subset_n512,5,complete,1.6015625,1.0497479090750417,5
ablation_delta,thubenchmark,tcnet,D−B-r25,Mean4,subset_n512,5,complete,9.16015625,1.4412984006484966,5
ablation,seediv,eegnet,A-r25,Mean4,subset_n512,5,complete,19.3359375,2.5973166336969222,
ablation,seediv,eegnet,B-r25,Mean4,subset_n512,5,complete,20.6640625,1.685596098462891,
ablation,seediv,eegnet,C-r25,Mean4,subset_n512,5,complete,21.09375,3.2876596970442873,
ablation,seediv,eegnet,D-r25,Mean4,subset_n512,5,complete,24.55078125,1.8163143667956603,
ablation_delta,seediv,eegnet,B−A-r25,Mean4,subset_n512,5,complete,1.328125,1.937313932282736,3
ablation_delta,seediv,eegnet,D−C-r25,Mean4,subset_n512,5,complete,3.45703125,3.2762907789618656,4
ablation_delta,seediv,eegnet,D−B-r25,Mean4,subset_n512,5,complete,3.88671875,0.834803873202483,5
ablation,seediv,deepconvnet,A-r25,Mean4,subset_n512,5,complete,16.9921875,1.5378921628929318,
ablation,seediv,deepconvnet,B-r25,Mean4,subset_n512,5,complete,14.794921875,0.9661308074906924,
ablation,seediv,deepconvnet,C-r25,Mean4,subset_n512,5,complete,22.978515625,1.5592923618352443,
ablation,seediv,deepconvnet,D-r25,Mean4,subset_n512,5,complete,22.1484375,1.194843274936155,
ablation_delta,seediv,deepconvnet,B−A-r25,Mean4,subset_n512,5,complete,-2.197265625,1.3469838109505587,0
ablation_delta,seediv,deepconvnet,D−C-r25,Mean4,subset_n512,5,complete,-0.830078125,0.9341370346537593,1
ablation_delta,seediv,deepconvnet,D−B-r25,Mean4,subset_n512,5,complete,7.353515625,1.2131602898190927,5
ablation,seediv,tsception,A-r25,Mean4,subset_n512,5,complete,24.072265625,2.1188255814206185,
ablation,seediv,tsception,B-r25,Mean4,subset_n512,5,complete,23.486328125,1.9002235080361374,
ablation,seediv,tsception,C-r25,Mean4,subset_n512,5,complete,28.369140625,2.020033163421641,
ablation,seediv,tsception,D-r25,Mean4,subset_n512,5,complete,28.96484375,2.7676115498378557,
ablation_delta,seediv,tsception,B−A-r25,Mean4,subset_n512,5,complete,-0.5859375,0.4759176926176252,1
ablation_delta,seediv,tsception,D−C-r25,Mean4,subset_n512,5,complete,0.595703125,1.6781538238039015,3
ablation_delta,seediv,tsception,D−B-r25,Mean4,subset_n512,5,complete,5.478515625,1.4349986995465172,5
ablation,seediv,atcnet,A-r25,Mean4,subset_n512,2,pending,,,
ablation,seediv,atcnet,B-r25,Mean4,subset_n512,1,pending,,,
ablation,seediv,atcnet,C-r25,Mean4,subset_n512,2,pending,,,
ablation,seediv,atcnet,D-r25,Mean4,subset_n512,1,pending,,,
ablation_delta,seediv,atcnet,B−A-r25,Mean4,subset_n512,1,pending,,,
ablation_delta,seediv,atcnet,D−C-r25,Mean4,subset_n512,1,pending,,,
ablation_delta,seediv,atcnet,D−B-r25,Mean4,subset_n512,1,pending,,,
ablation,seediv,conformer,A-r25,Mean4,subset_n512,0,pending,,,
ablation,seediv,conformer,B-r25,Mean4,subset_n512,0,pending,,,
ablation,seediv,conformer,C-r25,Mean4,subset_n512,0,pending,,,
ablation,seediv,conformer,D-r25,Mean4,subset_n512,0,pending,,,
ablation_delta,seediv,conformer,B−A-r25,Mean4,subset_n512,0,pending,,,
ablation_delta,seediv,conformer,D−C-r25,Mean4,subset_n512,0,pending,,,
ablation_delta,seediv,conformer,D−B-r25,Mean4,subset_n512,0,pending,,,
ablation,seediv,tcnet,A-r25,Mean4,subset_n512,0,pending,,,
ablation,seediv,tcnet,B-r25,Mean4,subset_n512,0,pending,,,
ablation,seediv,tcnet,C-r25,Mean4,subset_n512,0,pending,,,
ablation,seediv,tcnet,D-r25,Mean4,subset_n512,0,pending,,,
ablation_delta,seediv,tcnet,B−A-r25,Mean4,subset_n512,0,pending,,,
ablation_delta,seediv,tcnet,D−C-r25,Mean4,subset_n512,0,pending,,,
ablation_delta,seediv,tcnet,D−B-r25,Mean4,subset_n512,0,pending,,,
ablation,bciciv2a,eegnet,A-r25,Mean4,subset_n512,0,pending,,,
ablation,bciciv2a,eegnet,B-r25,Mean4,subset_n512,0,pending,,,
ablation,bciciv2a,eegnet,C-r25,Mean4,subset_n512,0,pending,,,
ablation,bciciv2a,eegnet,D-r25,Mean4,subset_n512,0,pending,,,
ablation_delta,bciciv2a,eegnet,B−A-r25,Mean4,subset_n512,0,pending,,,
ablation_delta,bciciv2a,eegnet,D−C-r25,Mean4,subset_n512,0,pending,,,
ablation_delta,bciciv2a,eegnet,D−B-r25,Mean4,subset_n512,0,pending,,,
ablation,bciciv2a,deepconvnet,A-r25,Mean4,subset_n512,0,pending,,,
ablation,bciciv2a,deepconvnet,B-r25,Mean4,subset_n512,0,pending,,,
ablation,bciciv2a,deepconvnet,C-r25,Mean4,subset_n512,0,pending,,,
ablation,bciciv2a,deepconvnet,D-r25,Mean4,subset_n512,0,pending,,,
ablation_delta,bciciv2a,deepconvnet,B−A-r25,Mean4,subset_n512,0,pending,,,
ablation_delta,bciciv2a,deepconvnet,D−C-r25,Mean4,subset_n512,0,pending,,,
ablation_delta,bciciv2a,deepconvnet,D−B-r25,Mean4,subset_n512,0,pending,,,
ablation,bciciv2a,tsception,A-r25,Mean4,subset_n512,0,pending,,,
ablation,bciciv2a,tsception,B-r25,Mean4,subset_n512,0,pending,,,
ablation,bciciv2a,tsception,C-r25,Mean4,subset_n512,0,pending,,,
ablation,bciciv2a,tsception,D-r25,Mean4,subset_n512,0,pending,,,
ablation_delta,bciciv2a,tsception,B−A-r25,Mean4,subset_n512,0,pending,,,
ablation_delta,bciciv2a,tsception,D−C-r25,Mean4,subset_n512,0,pending,,,
ablation_delta,bciciv2a,tsception,D−B-r25,Mean4,subset_n512,0,pending,,,
ablation,bciciv2a,atcnet,A-r25,Mean4,subset_n512,0,pending,,,
ablation,bciciv2a,atcnet,B-r25,Mean4,subset_n512,0,pending,,,
ablation,bciciv2a,atcnet,C-r25,Mean4,subset_n512,0,pending,,,
ablation,bciciv2a,atcnet,D-r25,Mean4,subset_n512,0,pending,,,
ablation_delta,bciciv2a,atcnet,B−A-r25,Mean4,subset_n512,0,pending,,,
ablation_delta,bciciv2a,atcnet,D−C-r25,Mean4,subset_n512,0,pending,,,
ablation_delta,bciciv2a,atcnet,D−B-r25,Mean4,subset_n512,0,pending,,,
ablation,bciciv2a,conformer,A-r25,Mean4,subset_n512,0,pending,,,
ablation,bciciv2a,conformer,B-r25,Mean4,subset_n512,0,pending,,,
ablation,bciciv2a,conformer,C-r25,Mean4,subset_n512,0,pending,,,
ablation,bciciv2a,conformer,D-r25,Mean4,subset_n512,0,pending,,,
ablation_delta,bciciv2a,conformer,B−A-r25,Mean4,subset_n512,0,pending,,,
ablation_delta,bciciv2a,conformer,D−C-r25,Mean4,subset_n512,0,pending,,,
ablation_delta,bciciv2a,conformer,D−B-r25,Mean4,subset_n512,0,pending,,,
ablation,bciciv2a,tcnet,A-r25,Mean4,subset_n512,0,pending,,,
ablation,bciciv2a,tcnet,B-r25,Mean4,subset_n512,0,pending,,,
ablation,bciciv2a,tcnet,C-r25,Mean4,subset_n512,0,pending,,,
ablation,bciciv2a,tcnet,D-r25,Mean4,subset_n512,0,pending,,,
ablation_delta,bciciv2a,tcnet,B−A-r25,Mean4,subset_n512,0,pending,,,
ablation_delta,bciciv2a,tcnet,D−C-r25,Mean4,subset_n512,0,pending,,,
ablation_delta,bciciv2a,tcnet,D−B-r25,Mean4,subset_n512,0,pending,,,
ablation,thubenchmark,eegnet,A-r30,Mean4,subset_n512,5,complete,58.408203125,0.9943449338806829,
ablation,thubenchmark,eegnet,B-r30,Mean4,subset_n512,5,complete,58.525390625,1.1923464207949874,
ablation,thubenchmark,eegnet,C-r30,Mean4,subset_n512,5,complete,64.716796875,1.8074982128424666,
ablation,thubenchmark,eegnet,D-r30,Mean4,subset_n512,5,complete,66.103515625,1.1892430412789763,
ablation_delta,thubenchmark,eegnet,B−A-r30,Mean4,subset_n512,5,complete,0.1171875,0.3679969469026713,2
ablation_delta,thubenchmark,eegnet,D−C-r30,Mean4,subset_n512,5,complete,1.38671875,0.9848282996467741,4
ablation_delta,thubenchmark,eegnet,D−B-r30,Mean4,subset_n512,5,complete,7.578125,0.5485291667962351,5
ablation,thubenchmark,deepconvnet,A-r30,Mean4,subset_n512,5,complete,57.265625,1.3581769201796903,
ablation,thubenchmark,deepconvnet,B-r30,Mean4,subset_n512,5,complete,58.203125,1.0697706201272776,
ablation,thubenchmark,deepconvnet,C-r30,Mean4,subset_n512,5,complete,61.03515625,1.4265001130851116,
ablation,thubenchmark,deepconvnet,D-r30,Mean4,subset_n512,5,complete,60.146484375,0.5430688559921595,
ablation_delta,thubenchmark,deepconvnet,B−A-r30,Mean4,subset_n512,5,complete,0.9375,1.0849297327589533,4
ablation_delta,thubenchmark,deepconvnet,D−C-r30,Mean4,subset_n512,5,complete,-0.888671875,1.355101433930403,1
ablation_delta,thubenchmark,deepconvnet,D−B-r30,Mean4,subset_n512,5,complete,1.943359375,0.5893860108205627,5
ablation,thubenchmark,tsception,A-r30,Mean4,subset_n512,5,complete,31.083984375,1.696241554908279,
ablation,thubenchmark,tsception,B-r30,Mean4,subset_n512,5,complete,29.0625,1.4968030557883636,
ablation,thubenchmark,tsception,C-r30,Mean4,subset_n512,5,complete,39.423828125,1.774215460387472,
ablation,thubenchmark,tsception,D-r30,Mean4,subset_n512,5,complete,38.02734375,0.6266381729357647,
ablation_delta,thubenchmark,tsception,B−A-r30,Mean4,subset_n512,5,complete,-2.021484375,0.7855108418824299,0
ablation_delta,thubenchmark,tsception,D−C-r30,Mean4,subset_n512,5,complete,-1.396484375,1.662165603852067,1
ablation_delta,thubenchmark,tsception,D−B-r30,Mean4,subset_n512,5,complete,8.96484375,1.4972808351448275,5
ablation,thubenchmark,atcnet,A-r30,Mean4,subset_n512,5,complete,64.345703125,1.3616832560007675,
ablation,thubenchmark,atcnet,B-r30,Mean4,subset_n512,5,complete,64.697265625,1.321971325261805,
ablation,thubenchmark,atcnet,C-r30,Mean4,subset_n512,5,complete,70.64453125,1.3198956615941722,
ablation,thubenchmark,atcnet,D-r30,Mean4,subset_n512,5,complete,70.185546875,1.449545769412636,
ablation_delta,thubenchmark,atcnet,B−A-r30,Mean4,subset_n512,5,complete,0.3515625,0.8986232399715646,4
ablation_delta,thubenchmark,atcnet,D−C-r30,Mean4,subset_n512,5,complete,-0.458984375,0.5946215206394881,1
ablation_delta,thubenchmark,atcnet,D−B-r30,Mean4,subset_n512,5,complete,5.48828125,1.3516662205053707,5
ablation,thubenchmark,conformer,A-r30,Mean4,subset_n512,5,complete,57.392578125,0.9261911506851174,
ablation,thubenchmark,conformer,B-r30,Mean4,subset_n512,5,complete,56.337890625,1.852060500505904,
ablation,thubenchmark,conformer,C-r30,Mean4,subset_n512,5,complete,62.763671875,1.485290245179964,
ablation,thubenchmark,conformer,D-r30,Mean4,subset_n512,5,complete,63.828125,0.47766785552326557,
ablation_delta,thubenchmark,conformer,B−A-r30,Mean4,subset_n512,5,complete,-1.0546875,2.1588437609695945,1
ablation_delta,thubenchmark,conformer,D−C-r30,Mean4,subset_n512,5,complete,1.064453125,1.509097169693895,4
ablation_delta,thubenchmark,conformer,D−B-r30,Mean4,subset_n512,5,complete,7.490234375,1.4816741464867327,5
ablation,thubenchmark,tcnet,A-r30,Mean4,subset_n512,5,complete,37.587890625,2.8639266677504076,
ablation,thubenchmark,tcnet,B-r30,Mean4,subset_n512,5,complete,37.890625,2.4213039586362184,
ablation,thubenchmark,tcnet,C-r30,Mean4,subset_n512,5,complete,43.857421875,2.505839204298203,
ablation,thubenchmark,tcnet,D-r30,Mean4,subset_n512,5,complete,45.654296875,2.8652999443971487,
ablation_delta,thubenchmark,tcnet,B−A-r30,Mean4,subset_n512,5,complete,0.302734375,0.8972956823845619,3
ablation_delta,thubenchmark,tcnet,D−C-r30,Mean4,subset_n512,5,complete,1.796875,2.3390149923939254,3
ablation_delta,thubenchmark,tcnet,D−B-r30,Mean4,subset_n512,5,complete,7.763671875,2.074764431370152,5
ablation,seediv,eegnet,A-r30,Mean4,subset_n512,5,complete,19.3359375,2.5973166336969222,
ablation,seediv,eegnet,B-r30,Mean4,subset_n512,5,complete,20.6640625,1.685596098462891,
ablation,seediv,eegnet,C-r30,Mean4,subset_n512,5,complete,20.5859375,3.0797737469491913,
ablation,seediv,eegnet,D-r30,Mean4,subset_n512,5,complete,23.515625,1.9361444468876456,
ablation_delta,seediv,eegnet,B−A-r30,Mean4,subset_n512,5,complete,1.328125,1.937313932282736,3
ablation_delta,seediv,eegnet,D−C-r30,Mean4,subset_n512,5,complete,2.9296875,3.0850720701037724,5
ablation_delta,seediv,eegnet,D−B-r30,Mean4,subset_n512,5,complete,2.8515625,1.1094841701896279,5
ablation,seediv,deepconvnet,A-r30,Mean4,subset_n512,5,complete,16.9921875,1.5378921628929318,
ablation,seediv,deepconvnet,B-r30,Mean4,subset_n512,5,complete,14.794921875,0.9661308074906924,
ablation,seediv,deepconvnet,C-r30,Mean4,subset_n512,5,complete,22.041015625,1.104098815752598,
ablation,seediv,deepconvnet,D-r30,Mean4,subset_n512,5,complete,20.99609375,0.9442909963776228,
ablation_delta,seediv,deepconvnet,B−A-r30,Mean4,subset_n512,5,complete,-2.197265625,1.3469838109505587,0
ablation_delta,seediv,deepconvnet,D−C-r30,Mean4,subset_n512,5,complete,-1.044921875,0.8475583630836332,1
ablation_delta,seediv,deepconvnet,D−B-r30,Mean4,subset_n512,5,complete,6.201171875,1.1032347195014651,5
ablation,seediv,tsception,A-r30,Mean4,subset_n512,5,complete,24.072265625,2.1188255814206185,
ablation,seediv,tsception,B-r30,Mean4,subset_n512,5,complete,23.486328125,1.9002235080361374,
ablation,seediv,tsception,C-r30,Mean4,subset_n512,5,complete,27.685546875,1.9316445746926252,
ablation,seediv,tsception,D-r30,Mean4,subset_n512,5,complete,27.87109375,2.385692419469136,
ablation_delta,seediv,tsception,B−A-r30,Mean4,subset_n512,5,complete,-0.5859375,0.4759176926176252,1
ablation_delta,seediv,tsception,D−C-r30,Mean4,subset_n512,5,complete,0.185546875,0.6082973243123999,2
ablation_delta,seediv,tsception,D−B-r30,Mean4,subset_n512,5,complete,4.384765625,0.9676103348620435,5
ablation,seediv,atcnet,A-r30,Mean4,subset_n512,2,pending,,,
ablation,seediv,atcnet,B-r30,Mean4,subset_n512,1,pending,,,
ablation,seediv,atcnet,C-r30,Mean4,subset_n512,2,pending,,,
ablation,seediv,atcnet,D-r30,Mean4,subset_n512,1,pending,,,
ablation_delta,seediv,atcnet,B−A-r30,Mean4,subset_n512,1,pending,,,
ablation_delta,seediv,atcnet,D−C-r30,Mean4,subset_n512,1,pending,,,
ablation_delta,seediv,atcnet,D−B-r30,Mean4,subset_n512,1,pending,,,
ablation,seediv,conformer,A-r30,Mean4,subset_n512,0,pending,,,
ablation,seediv,conformer,B-r30,Mean4,subset_n512,0,pending,,,
ablation,seediv,conformer,C-r30,Mean4,subset_n512,0,pending,,,
ablation,seediv,conformer,D-r30,Mean4,subset_n512,0,pending,,,
ablation_delta,seediv,conformer,B−A-r30,Mean4,subset_n512,0,pending,,,
ablation_delta,seediv,conformer,D−C-r30,Mean4,subset_n512,0,pending,,,
ablation_delta,seediv,conformer,D−B-r30,Mean4,subset_n512,0,pending,,,
ablation,seediv,tcnet,A-r30,Mean4,subset_n512,0,pending,,,
ablation,seediv,tcnet,B-r30,Mean4,subset_n512,0,pending,,,
ablation,seediv,tcnet,C-r30,Mean4,subset_n512,0,pending,,,
ablation,seediv,tcnet,D-r30,Mean4,subset_n512,0,pending,,,
ablation_delta,seediv,tcnet,B−A-r30,Mean4,subset_n512,0,pending,,,
ablation_delta,seediv,tcnet,D−C-r30,Mean4,subset_n512,0,pending,,,
ablation_delta,seediv,tcnet,D−B-r30,Mean4,subset_n512,0,pending,,,
ablation,bciciv2a,eegnet,A-r30,Mean4,subset_n512,0,pending,,,
ablation,bciciv2a,eegnet,B-r30,Mean4,subset_n512,0,pending,,,
ablation,bciciv2a,eegnet,C-r30,Mean4,subset_n512,0,pending,,,
ablation,bciciv2a,eegnet,D-r30,Mean4,subset_n512,0,pending,,,
ablation_delta,bciciv2a,eegnet,B−A-r30,Mean4,subset_n512,0,pending,,,
ablation_delta,bciciv2a,eegnet,D−C-r30,Mean4,subset_n512,0,pending,,,
ablation_delta,bciciv2a,eegnet,D−B-r30,Mean4,subset_n512,0,pending,,,
ablation,bciciv2a,deepconvnet,A-r30,Mean4,subset_n512,0,pending,,,
ablation,bciciv2a,deepconvnet,B-r30,Mean4,subset_n512,0,pending,,,
ablation,bciciv2a,deepconvnet,C-r30,Mean4,subset_n512,0,pending,,,
ablation,bciciv2a,deepconvnet,D-r30,Mean4,subset_n512,0,pending,,,
ablation_delta,bciciv2a,deepconvnet,B−A-r30,Mean4,subset_n512,0,pending,,,
ablation_delta,bciciv2a,deepconvnet,D−C-r30,Mean4,subset_n512,0,pending,,,
ablation_delta,bciciv2a,deepconvnet,D−B-r30,Mean4,subset_n512,0,pending,,,
ablation,bciciv2a,tsception,A-r30,Mean4,subset_n512,0,pending,,,
ablation,bciciv2a,tsception,B-r30,Mean4,subset_n512,0,pending,,,
ablation,bciciv2a,tsception,C-r30,Mean4,subset_n512,0,pending,,,
ablation,bciciv2a,tsception,D-r30,Mean4,subset_n512,0,pending,,,
ablation_delta,bciciv2a,tsception,B−A-r30,Mean4,subset_n512,0,pending,,,
ablation_delta,bciciv2a,tsception,D−C-r30,Mean4,subset_n512,0,pending,,,
ablation_delta,bciciv2a,tsception,D−B-r30,Mean4,subset_n512,0,pending,,,
ablation,bciciv2a,atcnet,A-r30,Mean4,subset_n512,0,pending,,,
ablation,bciciv2a,atcnet,B-r30,Mean4,subset_n512,0,pending,,,
ablation,bciciv2a,atcnet,C-r30,Mean4,subset_n512,0,pending,,,
ablation,bciciv2a,atcnet,D-r30,Mean4,subset_n512,0,pending,,,
ablation_delta,bciciv2a,atcnet,B−A-r30,Mean4,subset_n512,0,pending,,,
ablation_delta,bciciv2a,atcnet,D−C-r30,Mean4,subset_n512,0,pending,,,
ablation_delta,bciciv2a,atcnet,D−B-r30,Mean4,subset_n512,0,pending,,,
ablation,bciciv2a,conformer,A-r30,Mean4,subset_n512,0,pending,,,
ablation,bciciv2a,conformer,B-r30,Mean4,subset_n512,0,pending,,,
ablation,bciciv2a,conformer,C-r30,Mean4,subset_n512,0,pending,,,
ablation,bciciv2a,conformer,D-r30,Mean4,subset_n512,0,pending,,,
ablation_delta,bciciv2a,conformer,B−A-r30,Mean4,subset_n512,0,pending,,,
ablation_delta,bciciv2a,conformer,D−C-r30,Mean4,subset_n512,0,pending,,,
ablation_delta,bciciv2a,conformer,D−B-r30,Mean4,subset_n512,0,pending,,,
ablation,bciciv2a,tcnet,A-r30,Mean4,subset_n512,0,pending,,,
ablation,bciciv2a,tcnet,B-r30,Mean4,subset_n512,0,pending,,,
ablation,bciciv2a,tcnet,C-r30,Mean4,subset_n512,0,pending,,,
ablation,bciciv2a,tcnet,D-r30,Mean4,subset_n512,0,pending,,,
ablation_delta,bciciv2a,tcnet,B−A-r30,Mean4,subset_n512,0,pending,,,
ablation_delta,bciciv2a,tcnet,D−C-r30,Mean4,subset_n512,0,pending,,,
ablation_delta,bciciv2a,tcnet,D−B-r30,Mean4,subset_n512,0,pending,,,
rank,thubenchmark,eegnet,rank25,Clean,subset_n512,5,complete,90.3125,1.0481568644530264,
rank,thubenchmark,eegnet,rank30,Clean,subset_n512,5,complete,91.171875,1.0463355653108495,
rank_delta,thubenchmark,eegnet,rank30−rank25,Clean,subset_n512,5,complete,0.859375,0.2962060720332637,5
rank,thubenchmark,deepconvnet,rank25,Clean,subset_n512,5,complete,91.5234375,0.7385808750464468,
rank,thubenchmark,deepconvnet,rank30,Clean,subset_n512,5,complete,92.1484375,0.8332316018633414,
rank_delta,thubenchmark,deepconvnet,rank30−rank25,Clean,subset_n512,5,complete,0.625,1.0092195845909229,4
rank,thubenchmark,tsception,rank25,Clean,subset_n512,5,complete,74.921875,0.7763518325918668,
rank,thubenchmark,tsception,rank30,Clean,subset_n512,5,complete,75.78125,0.8400708268596315,
rank_delta,thubenchmark,tsception,rank30−rank25,Clean,subset_n512,5,complete,0.859375,0.5956230735147229,4
rank,thubenchmark,atcnet,rank25,Clean,subset_n512,5,complete,93.28125,0.712288380031659,
rank,thubenchmark,atcnet,rank30,Clean,subset_n512,5,complete,93.7890625,0.44538102542935076,
rank_delta,thubenchmark,atcnet,rank30−rank25,Clean,subset_n512,5,complete,0.5078125,0.40500862018218203,5
rank,thubenchmark,conformer,rank25,Clean,subset_n512,5,complete,90.78125,0.5924121440665274,
rank,thubenchmark,conformer,rank30,Clean,subset_n512,5,complete,91.1328125,0.7763518325918668,
rank_delta,thubenchmark,conformer,rank30−rank25,Clean,subset_n512,5,complete,0.3515625,0.7359938938053426,3
rank,thubenchmark,tcnet,rank25,Clean,subset_n512,5,complete,78.515625,1.5128841196122722,
rank,thubenchmark,tcnet,rank30,Clean,subset_n512,5,complete,79.921875,1.781524101717403,
rank_delta,thubenchmark,tcnet,rank30−rank25,Clean,subset_n512,5,complete,1.40625,0.6536406457297466,5
rank,seediv,eegnet,rank25,Clean,subset_n512,5,complete,36.9140625,3.3687867794258475,
rank,seediv,eegnet,rank30,Clean,subset_n512,5,complete,36.7578125,3.3500506496870686,
rank_delta,seediv,eegnet,rank30−rank25,Clean,subset_n512,5,complete,-0.15625,0.6680715381440262,3
rank,seediv,deepconvnet,rank25,Clean,subset_n512,5,complete,41.09375,1.285209677840789,
rank,seediv,deepconvnet,rank30,Clean,subset_n512,5,complete,41.40625,0.9765625,
rank_delta,seediv,deepconvnet,rank30−rank25,Clean,subset_n512,5,complete,0.3125,0.5093126879064569,3
rank,seediv,tsception,rank25,Clean,subset_n512,5,complete,46.5625,3.8783181043281347,
rank,seediv,tsception,rank30,Clean,subset_n512,5,complete,46.8359375,3.1926276158910234,
rank_delta,seediv,tsception,rank30−rank25,Clean,subset_n512,5,complete,0.2734375,1.0751061675408504,2
rank,seediv,atcnet,rank25,Clean,subset_n512,2,pending,,,
rank,seediv,atcnet,rank30,Clean,subset_n512,2,pending,,,
rank_delta,seediv,atcnet,rank30−rank25,Clean,subset_n512,2,pending,,,
rank,seediv,conformer,rank25,Clean,subset_n512,0,pending,,,
rank,seediv,conformer,rank30,Clean,subset_n512,0,pending,,,
rank_delta,seediv,conformer,rank30−rank25,Clean,subset_n512,0,pending,,,
rank,seediv,tcnet,rank25,Clean,subset_n512,0,pending,,,
rank,seediv,tcnet,rank30,Clean,subset_n512,0,pending,,,
rank_delta,seediv,tcnet,rank30−rank25,Clean,subset_n512,0,pending,,,
rank,bciciv2a,eegnet,rank25,Clean,subset_n512,0,pending,,,
rank,bciciv2a,eegnet,rank30,Clean,subset_n512,0,pending,,,
rank_delta,bciciv2a,eegnet,rank30−rank25,Clean,subset_n512,0,pending,,,
rank,bciciv2a,deepconvnet,rank25,Clean,subset_n512,0,pending,,,
rank,bciciv2a,deepconvnet,rank30,Clean,subset_n512,0,pending,,,
rank_delta,bciciv2a,deepconvnet,rank30−rank25,Clean,subset_n512,0,pending,,,
rank,bciciv2a,tsception,rank25,Clean,subset_n512,0,pending,,,
rank,bciciv2a,tsception,rank30,Clean,subset_n512,0,pending,,,
rank_delta,bciciv2a,tsception,rank30−rank25,Clean,subset_n512,0,pending,,,
rank,bciciv2a,atcnet,rank25,Clean,subset_n512,0,pending,,,
rank,bciciv2a,atcnet,rank30,Clean,subset_n512,0,pending,,,
rank_delta,bciciv2a,atcnet,rank30−rank25,Clean,subset_n512,0,pending,,,
rank,bciciv2a,conformer,rank25,Clean,subset_n512,0,pending,,,
rank,bciciv2a,conformer,rank30,Clean,subset_n512,0,pending,,,
rank_delta,bciciv2a,conformer,rank30−rank25,Clean,subset_n512,0,pending,,,
rank,bciciv2a,tcnet,rank25,Clean,subset_n512,0,pending,,,
rank,bciciv2a,tcnet,rank30,Clean,subset_n512,0,pending,,,
rank_delta,bciciv2a,tcnet,rank30−rank25,Clean,subset_n512,0,pending,,,
rank,thubenchmark,eegnet,rank25,PGD,subset_n512,5,complete,81.953125,1.1438711300270563,
rank,thubenchmark,eegnet,rank30,PGD,subset_n512,5,complete,81.40625,1.0996631453327537,
rank_delta,thubenchmark,eegnet,rank30−rank25,PGD,subset_n512,5,complete,-0.546875,0.7229201376297557,1
rank,thubenchmark,deepconvnet,rank25,PGD,subset_n512,5,complete,78.7109375,1.5254393898255185,
rank,thubenchmark,deepconvnet,rank30,PGD,subset_n512,5,complete,78.203125,1.1686152579415305,
rank_delta,thubenchmark,deepconvnet,rank30−rank25,PGD,subset_n512,5,complete,-0.5078125,0.5956230735147229,1
rank,thubenchmark,tsception,rank25,PGD,subset_n512,5,complete,46.3671875,1.1767476821400054,
rank,thubenchmark,tsception,rank30,PGD,subset_n512,5,complete,45.1171875,0.8400708268596315,
rank_delta,thubenchmark,tsception,rank30−rank25,PGD,subset_n512,5,complete,-1.25,0.8355175639143531,0
rank,thubenchmark,atcnet,rank25,PGD,subset_n512,5,complete,84.3359375,1.2911323344561259,
rank,thubenchmark,atcnet,rank30,PGD,subset_n512,5,complete,84.765625,1.2955565587325781,
rank_delta,thubenchmark,atcnet,rank30−rank25,PGD,subset_n512,5,complete,0.4296875,0.37569109495451847,4
rank,thubenchmark,conformer,rank25,PGD,subset_n512,5,complete,78.4375,1.8662311227486335,
rank,thubenchmark,conformer,rank30,PGD,subset_n512,5,complete,78.28125,1.2228496751951974,
rank_delta,thubenchmark,conformer,rank30−rank25,PGD,subset_n512,5,complete,-0.15625,0.844599543376549,2
rank,thubenchmark,tcnet,rank25,PGD,subset_n512,5,complete,58.7890625,2.847144479904932,
rank,thubenchmark,tcnet,rank30,PGD,subset_n512,5,complete,57.96875,3.6314471560612893,
rank_delta,thubenchmark,tcnet,rank30−rank25,PGD,subset_n512,5,complete,-0.8203125,1.0463355653108495,1
rank,seediv,eegnet,rank25,PGD,subset_n512,5,complete,30.2734375,2.392079826936697,
rank,seediv,eegnet,rank30,PGD,subset_n512,5,complete,29.53125,2.498931656494056,
rank_delta,seediv,eegnet,rank30−rank25,PGD,subset_n512,5,complete,-0.7421875,0.6960363156720883,1
rank,seediv,deepconvnet,rank25,PGD,subset_n512,5,complete,24.765625,1.7868692205441687,
rank,seediv,deepconvnet,rank30,PGD,subset_n512,5,complete,24.765625,1.283724744152733,
rank_delta,seediv,deepconvnet,rank30−rank25,PGD,subset_n512,5,complete,0.0,0.5167483029423029,2
rank,seediv,tsception,rank25,PGD,subset_n512,5,complete,35.625,3.0900141190388393,
rank,seediv,tsception,rank30,PGD,subset_n512,5,complete,35.46875,3.536181222267709,
rank_delta,seediv,tsception,rank30−rank25,PGD,subset_n512,5,complete,-0.15625,1.0463355653108495,3
rank,seediv,atcnet,rank25,PGD,subset_n512,2,pending,,,
rank,seediv,atcnet,rank30,PGD,subset_n512,2,pending,,,
rank_delta,seediv,atcnet,rank30−rank25,PGD,subset_n512,2,pending,,,
rank,seediv,conformer,rank25,PGD,subset_n512,0,pending,,,
rank,seediv,conformer,rank30,PGD,subset_n512,0,pending,,,
rank_delta,seediv,conformer,rank30−rank25,PGD,subset_n512,0,pending,,,
rank,seediv,tcnet,rank25,PGD,subset_n512,0,pending,,,
rank,seediv,tcnet,rank30,PGD,subset_n512,0,pending,,,
rank_delta,seediv,tcnet,rank30−rank25,PGD,subset_n512,0,pending,,,
rank,bciciv2a,eegnet,rank25,PGD,subset_n512,0,pending,,,
rank,bciciv2a,eegnet,rank30,PGD,subset_n512,0,pending,,,
rank_delta,bciciv2a,eegnet,rank30−rank25,PGD,subset_n512,0,pending,,,
rank,bciciv2a,deepconvnet,rank25,PGD,subset_n512,0,pending,,,
rank,bciciv2a,deepconvnet,rank30,PGD,subset_n512,0,pending,,,
rank_delta,bciciv2a,deepconvnet,rank30−rank25,PGD,subset_n512,0,pending,,,
rank,bciciv2a,tsception,rank25,PGD,subset_n512,0,pending,,,
rank,bciciv2a,tsception,rank30,PGD,subset_n512,0,pending,,,
rank_delta,bciciv2a,tsception,rank30−rank25,PGD,subset_n512,0,pending,,,
rank,bciciv2a,atcnet,rank25,PGD,subset_n512,0,pending,,,
rank,bciciv2a,atcnet,rank30,PGD,subset_n512,0,pending,,,
rank_delta,bciciv2a,atcnet,rank30−rank25,PGD,subset_n512,0,pending,,,
rank,bciciv2a,conformer,rank25,PGD,subset_n512,0,pending,,,
rank,bciciv2a,conformer,rank30,PGD,subset_n512,0,pending,,,
rank_delta,bciciv2a,conformer,rank30−rank25,PGD,subset_n512,0,pending,,,
rank,bciciv2a,tcnet,rank25,PGD,subset_n512,0,pending,,,
rank,bciciv2a,tcnet,rank30,PGD,subset_n512,0,pending,,,
rank_delta,bciciv2a,tcnet,rank30−rank25,PGD,subset_n512,0,pending,,,
rank,thubenchmark,eegnet,rank25,Mean4,subset_n512,5,complete,68.310546875,1.0803050239178509,
rank,thubenchmark,eegnet,rank30,Mean4,subset_n512,5,complete,66.103515625,1.1892430412789763,
rank_delta,thubenchmark,eegnet,rank30−rank25,Mean4,subset_n512,5,complete,-2.20703125,0.4206026458468365,0
rank,thubenchmark,deepconvnet,rank25,Mean4,subset_n512,5,complete,61.015625,0.5986176779795669,
rank,thubenchmark,deepconvnet,rank30,Mean4,subset_n512,5,complete,60.146484375,0.5430688559921595,
rank_delta,thubenchmark,deepconvnet,rank30−rank25,Mean4,subset_n512,5,complete,-0.869140625,0.24993132601698687,0
rank,thubenchmark,tsception,rank25,Mean4,subset_n512,5,complete,40.703125,1.1963388860798096,
rank,thubenchmark,tsception,rank30,Mean4,subset_n512,5,complete,38.02734375,0.6266381729357647,
rank_delta,thubenchmark,tsception,rank30−rank25,Mean4,subset_n512,5,complete,-2.67578125,0.6499828629802241,0
rank,thubenchmark,atcnet,rank25,Mean4,subset_n512,5,complete,72.509765625,2.0271024174460033,
rank,thubenchmark,atcnet,rank30,Mean4,subset_n512,5,complete,70.185546875,1.449545769412636,
rank_delta,thubenchmark,atcnet,rank30−rank25,Mean4,subset_n512,5,complete,-2.32421875,0.6483301280644411,0
rank,thubenchmark,conformer,rank25,Mean4,subset_n512,5,complete,65.751953125,0.6709204702077214,
rank,thubenchmark,conformer,rank30,Mean4,subset_n512,5,complete,63.828125,0.47766785552326557,
rank_delta,thubenchmark,conformer,rank30−rank25,Mean4,subset_n512,5,complete,-1.923828125,0.36146006881487786,0
rank,thubenchmark,tcnet,rank25,Mean4,subset_n512,5,complete,47.05078125,2.5660561797487897,
rank,thubenchmark,tcnet,rank30,Mean4,subset_n512,5,complete,45.654296875,2.8652999443971487,
rank_delta,thubenchmark,tcnet,rank30−rank25,Mean4,subset_n512,5,complete,-1.396484375,0.7577017477058915,0
rank,seediv,eegnet,rank25,Mean4,subset_n512,5,complete,24.55078125,1.8163143667956603,
rank,seediv,eegnet,rank30,Mean4,subset_n512,5,complete,23.515625,1.9361444468876456,
rank_delta,seediv,eegnet,rank30−rank25,Mean4,subset_n512,5,complete,-1.03515625,0.37250451411641894,0
rank,seediv,deepconvnet,rank25,Mean4,subset_n512,5,complete,22.1484375,1.194843274936155,
rank,seediv,deepconvnet,rank30,Mean4,subset_n512,5,complete,20.99609375,0.9442909963776228,
rank_delta,seediv,deepconvnet,rank30−rank25,Mean4,subset_n512,5,complete,-1.15234375,0.36961310288624144,0
rank,seediv,tsception,rank25,Mean4,subset_n512,5,complete,28.96484375,2.7676115498378557,
rank,seediv,tsception,rank30,Mean4,subset_n512,5,complete,27.87109375,2.385692419469136,
rank_delta,seediv,tsception,rank30−rank25,Mean4,subset_n512,5,complete,-1.09375,0.8725081793721415,0
rank,seediv,atcnet,rank25,Mean4,subset_n512,1,pending,,,
rank,seediv,atcnet,rank30,Mean4,subset_n512,1,pending,,,
rank_delta,seediv,atcnet,rank30−rank25,Mean4,subset_n512,1,pending,,,
rank,seediv,conformer,rank25,Mean4,subset_n512,0,pending,,,
rank,seediv,conformer,rank30,Mean4,subset_n512,0,pending,,,
rank_delta,seediv,conformer,rank30−rank25,Mean4,subset_n512,0,pending,,,
rank,seediv,tcnet,rank25,Mean4,subset_n512,0,pending,,,
rank,seediv,tcnet,rank30,Mean4,subset_n512,0,pending,,,
rank_delta,seediv,tcnet,rank30−rank25,Mean4,subset_n512,0,pending,,,
rank,bciciv2a,eegnet,rank25,Mean4,subset_n512,0,pending,,,
rank,bciciv2a,eegnet,rank30,Mean4,subset_n512,0,pending,,,
rank_delta,bciciv2a,eegnet,rank30−rank25,Mean4,subset_n512,0,pending,,,
rank,bciciv2a,deepconvnet,rank25,Mean4,subset_n512,0,pending,,,
rank,bciciv2a,deepconvnet,rank30,Mean4,subset_n512,0,pending,,,
rank_delta,bciciv2a,deepconvnet,rank30−rank25,Mean4,subset_n512,0,pending,,,
rank,bciciv2a,tsception,rank25,Mean4,subset_n512,0,pending,,,
rank,bciciv2a,tsception,rank30,Mean4,subset_n512,0,pending,,,
rank_delta,bciciv2a,tsception,rank30−rank25,Mean4,subset_n512,0,pending,,,
rank,bciciv2a,atcnet,rank25,Mean4,subset_n512,0,pending,,,
rank,bciciv2a,atcnet,rank30,Mean4,subset_n512,0,pending,,,
rank_delta,bciciv2a,atcnet,rank30−rank25,Mean4,subset_n512,0,pending,,,
rank,bciciv2a,conformer,rank25,Mean4,subset_n512,0,pending,,,
rank,bciciv2a,conformer,rank30,Mean4,subset_n512,0,pending,,,
rank_delta,bciciv2a,conformer,rank30−rank25,Mean4,subset_n512,0,pending,,,
rank,bciciv2a,tcnet,rank25,Mean4,subset_n512,0,pending,,,
rank,bciciv2a,tcnet,rank30,Mean4,subset_n512,0,pending,,,
rank_delta,bciciv2a,tcnet,rank30−rank25,Mean4,subset_n512,0,pending,,,
rank,thubenchmark,eegnet,rank25,MeanLinf3,subset_n512,5,complete,82.16145833333334,1.2153746551168214,
rank,thubenchmark,eegnet,rank30,MeanLinf3,subset_n512,5,complete,81.82291666666667,1.3913112285462292,
rank_delta,thubenchmark,eegnet,rank30−rank25,MeanLinf3,subset_n512,5,complete,-0.3385416666666686,0.33640652819697514,0
rank,thubenchmark,deepconvnet,rank25,MeanLinf3,subset_n512,5,complete,79.6484375,1.228900427998852,
rank,thubenchmark,deepconvnet,rank30,MeanLinf3,subset_n512,5,complete,79.453125,1.0938662512624877,
rank_delta,thubenchmark,deepconvnet,rank30−rank25,MeanLinf3,subset_n512,5,complete,-0.1953124999999943,0.16598370812476326,0
rank,thubenchmark,tsception,rank25,MeanLinf3,subset_n512,5,complete,48.854166666666664,1.366877445001113,
rank,thubenchmark,tsception,rank30,MeanLinf3,subset_n512,5,complete,47.122395833333336,0.9177147624396458,
rank_delta,thubenchmark,tsception,rank30−rank25,MeanLinf3,subset_n512,5,complete,-1.7317708333333315,0.5977541109967702,0
rank,thubenchmark,atcnet,rank25,MeanLinf3,subset_n512,5,complete,85.390625,1.1715132543516256,
rank,thubenchmark,atcnet,rank30,MeanLinf3,subset_n512,5,complete,85.63802083333333,1.4334748900544687,
rank_delta,thubenchmark,atcnet,rank30−rank25,MeanLinf3,subset_n512,5,complete,0.24739583333333143,0.4023837796969332,3
rank,thubenchmark,conformer,rank25,MeanLinf3,subset_n512,5,complete,79.3359375,1.375378489179706,
rank,thubenchmark,conformer,rank30,MeanLinf3,subset_n512,5,complete,79.08854166666667,1.2901471131493951,
rank_delta,thubenchmark,conformer,rank30−rank25,MeanLinf3,subset_n512,5,complete,-0.24739583333333712,0.270005746788117,1
rank,thubenchmark,tcnet,rank25,MeanLinf3,subset_n512,5,complete,59.94791666666667,3.4380301635042345,
rank,thubenchmark,tcnet,rank30,MeanLinf3,subset_n512,5,complete,58.9453125,3.8808309239052403,
rank_delta,thubenchmark,tcnet,rank30−rank25,MeanLinf3,subset_n512,5,complete,-1.00260416666667,0.7954972601096778,0
rank,seediv,eegnet,rank25,MeanLinf3,subset_n512,5,complete,31.7578125,2.452621807910646,
rank,seediv,eegnet,rank30,MeanLinf3,subset_n512,5,complete,31.002604166666664,2.549225121408081,
rank_delta,seediv,eegnet,rank30−rank25,MeanLinf3,subset_n512,5,complete,-0.755208333333335,0.5034535137807611,0
rank,seediv,deepconvnet,rank25,MeanLinf3,subset_n512,5,complete,26.588541666666668,1.5048782708332398,
rank,seediv,deepconvnet,rank30,MeanLinf3,subset_n512,5,complete,25.963541666666668,1.320989050445752,
rank_delta,seediv,deepconvnet,rank30−rank25,MeanLinf3,subset_n512,5,complete,-0.6250000000000007,0.3004682489378726,0
rank,seediv,tsception,rank25,MeanLinf3,subset_n512,5,complete,37.20052083333333,3.321461198356457,
rank,seediv,tsception,rank30,MeanLinf3,subset_n512,5,complete,36.705729166666664,3.179257175528747,
rank_delta,seediv,tsception,rank30−rank25,MeanLinf3,subset_n512,5,complete,-0.49479166666666574,0.6405403060546265,2
rank,seediv,atcnet,rank25,MeanLinf3,subset_n512,2,pending,,,
rank,seediv,atcnet,rank30,MeanLinf3,subset_n512,2,pending,,,
rank_delta,seediv,atcnet,rank30−rank25,MeanLinf3,subset_n512,2,pending,,,
rank,seediv,conformer,rank25,MeanLinf3,subset_n512,0,pending,,,
rank,seediv,conformer,rank30,MeanLinf3,subset_n512,0,pending,,,
rank_delta,seediv,conformer,rank30−rank25,MeanLinf3,subset_n512,0,pending,,,
rank,seediv,tcnet,rank25,MeanLinf3,subset_n512,0,pending,,,
rank,seediv,tcnet,rank30,MeanLinf3,subset_n512,0,pending,,,
rank_delta,seediv,tcnet,rank30−rank25,MeanLinf3,subset_n512,0,pending,,,
rank,bciciv2a,eegnet,rank25,MeanLinf3,subset_n512,0,pending,,,
rank,bciciv2a,eegnet,rank30,MeanLinf3,subset_n512,0,pending,,,
rank_delta,bciciv2a,eegnet,rank30−rank25,MeanLinf3,subset_n512,0,pending,,,
rank,bciciv2a,deepconvnet,rank25,MeanLinf3,subset_n512,0,pending,,,
rank,bciciv2a,deepconvnet,rank30,MeanLinf3,subset_n512,0,pending,,,
rank_delta,bciciv2a,deepconvnet,rank30−rank25,MeanLinf3,subset_n512,0,pending,,,
rank,bciciv2a,tsception,rank25,MeanLinf3,subset_n512,0,pending,,,
rank,bciciv2a,tsception,rank30,MeanLinf3,subset_n512,0,pending,,,
rank_delta,bciciv2a,tsception,rank30−rank25,MeanLinf3,subset_n512,0,pending,,,
rank,bciciv2a,atcnet,rank25,MeanLinf3,subset_n512,0,pending,,,
rank,bciciv2a,atcnet,rank30,MeanLinf3,subset_n512,0,pending,,,
rank_delta,bciciv2a,atcnet,rank30−rank25,MeanLinf3,subset_n512,0,pending,,,
rank,bciciv2a,conformer,rank25,MeanLinf3,subset_n512,0,pending,,,
rank,bciciv2a,conformer,rank30,MeanLinf3,subset_n512,0,pending,,,
rank_delta,bciciv2a,conformer,rank30−rank25,MeanLinf3,subset_n512,0,pending,,,
rank,bciciv2a,tcnet,rank25,MeanLinf3,subset_n512,0,pending,,,
rank,bciciv2a,tcnet,rank30,MeanLinf3,subset_n512,0,pending,,,
rank_delta,bciciv2a,tcnet,rank30−rank25,MeanLinf3,subset_n512,0,pending,,,
