图名称,扫描参数,原始方法标签,rank,相对默认倍率,实际系数 / rank,指标字段,mean (%),sample SD (%),seed42 (%),seed43 (%),seed44 (%),seed45 (%),seed46 (%),点来源类型,来源ID,逐seed CSV行号
rank,rank,trp_caf,15,,15,standard_accuracy,85.859375,1.0111077426206863,84.375,85.546875,87.109375,85.9375,86.328125,实测,SRC004,seed42:29; seed43:122; seed44:215; seed45:308; seed46:401
rank,rank,trp_caf,20,,20,standard_accuracy,88.4765625,1.1388577919619727,89.6484375,86.9140625,89.2578125,87.6953125,88.8671875,实测,SRC004,seed42:30; seed43:123; seed44:216; seed45:309; seed46:402
rank,rank,trp_caf,25,,25,standard_accuracy,90.3125,1.0481568644530264,91.015625,89.2578125,90.4296875,89.2578125,91.6015625,实测,SRC004,seed42:27; seed43:120; seed44:213; seed45:306; seed46:399
rank,rank,trp_caf,30,,30,standard_accuracy,91.171875,1.0463355653108495,92.1875,89.84375,91.2109375,90.4296875,92.1875,实测,SRC004,seed42:28; seed43:121; seed44:214; seed45:307; seed46:400
rank,rank,trp_caf,35,,35,standard_accuracy,91.484375,0.40500862018218203,91.796875,91.2109375,91.40625,91.015625,91.9921875,实测,SRC004,seed42:31; seed43:124; seed44:217; seed45:310; seed46:403
rank,rank,trp_caf,40,,40,standard_accuracy,92.03125,0.7229201376297557,92.7734375,91.6015625,92.1875,91.015625,92.578125,实测,SRC004,seed42:32; seed43:125; seed44:218; seed45:311; seed46:404
rank,rank,caf,0,,,standard_accuracy,93.203125,1.0463355653108495,94.7265625,92.1875,92.96875,92.3828125,93.75,实测,SRC004,seed42:26; seed43:119; seed44:212; seed45:305; seed46:398
rank,rank,trp_caf,15,,15,robust_accuracy,79.6484375,1.2460263990419205,79.6875,79.8828125,80.6640625,77.5390625,80.46875,实测,SRC004,seed42:29; seed43:122; seed44:215; seed45:308; seed46:401
rank,rank,trp_caf,20,,20,robust_accuracy,81.09375,1.444520475554734,81.8359375,81.8359375,81.640625,78.515625,81.640625,实测,SRC004,seed42:30; seed43:123; seed44:216; seed45:309; seed46:402
rank,rank,trp_caf,25,,25,robust_accuracy,81.953125,1.1438711300270563,83.203125,82.2265625,80.6640625,80.859375,82.8125,实测,SRC004,seed42:27; seed43:120; seed44:213; seed45:306; seed46:399
rank,rank,trp_caf,30,,30,robust_accuracy,81.40625,1.0996631453327537,81.640625,82.6171875,80.46875,80.078125,82.2265625,实测,SRC004,seed42:28; seed43:121; seed44:214; seed45:307; seed46:400
rank,rank,trp_caf,35,,35,robust_accuracy,81.2890625,1.7921983979616347,82.03125,82.421875,79.6875,79.1015625,83.203125,实测,SRC004,seed42:31; seed43:124; seed44:217; seed45:310; seed46:403
rank,rank,trp_caf,40,,40,robust_accuracy,80.8984375,1.3769184946886381,80.6640625,82.421875,79.4921875,79.6875,82.2265625,实测,SRC004,seed42:32; seed43:125; seed44:218; seed45:311; seed46:404
rank,rank,caf,0,,,robust_accuracy,77.890625,1.8600888204389259,78.3203125,80.6640625,76.171875,76.171875,78.125,实测,SRC004,seed42:26; seed43:119; seed44:212; seed45:305; seed46:398
clean_ce_weight,clean_ce_weight,caf,0,0.0,0.0,standard_accuracy,93.28125,1.0297989317550054,94.7265625,92.3828125,92.96875,92.3828125,93.9453125,实测,SRC004,seed42:36; seed43:129; seed44:222; seed45:315; seed46:408
clean_ce_weight,clean_ce_weight,caf,0,0.5,0.5,standard_accuracy,93.2421875,1.0481568644530264,94.7265625,92.3828125,92.7734375,92.3828125,93.9453125,实测,SRC004,seed42:39; seed43:132; seed44:225; seed45:318; seed46:411
clean_ce_weight,clean_ce_weight,caf,0,1.0,1.0,standard_accuracy,93.203125,1.0463355653108495,94.7265625,92.1875,92.96875,92.3828125,93.75,默认实验复用（1×）,SRC004,seed42:33; seed43:126; seed44:219; seed45:312; seed46:405
clean_ce_weight,clean_ce_weight,caf,0,2.0,2.0,standard_accuracy,93.203125,1.0186253758129138,94.7265625,92.3828125,92.7734375,92.3828125,93.75,实测,SRC004,seed42:42; seed43:135; seed44:228; seed45:321; seed46:414
clean_ce_weight,clean_ce_weight,trp_caf,25,0.0,0.0,standard_accuracy,90.3125,1.0297989317550054,91.2109375,89.2578125,90.4296875,89.2578125,91.40625,实测,SRC004,seed42:37; seed43:130; seed44:223; seed45:316; seed46:409
clean_ce_weight,clean_ce_weight,trp_caf,25,0.5,0.5,standard_accuracy,90.2734375,1.0463355653108495,91.015625,89.2578125,90.234375,89.2578125,91.6015625,实测,SRC004,seed42:40; seed43:133; seed44:226; seed45:319; seed46:412
clean_ce_weight,clean_ce_weight,trp_caf,25,1.0,1.0,standard_accuracy,90.3125,1.0481568644530264,91.015625,89.2578125,90.4296875,89.2578125,91.6015625,默认实验复用（1×）,SRC004,seed42:34; seed43:127; seed44:220; seed45:313; seed46:406
clean_ce_weight,clean_ce_weight,trp_caf,25,2.0,2.0,standard_accuracy,90.390625,1.0092195845909229,91.015625,89.453125,90.625,89.2578125,91.6015625,实测,SRC004,seed42:43; seed43:136; seed44:229; seed45:322; seed46:415
clean_ce_weight,clean_ce_weight,trp_caf,30,0.0,0.0,standard_accuracy,91.2109375,1.0961886875314282,92.3828125,89.84375,91.2109375,90.4296875,92.1875,实测,SRC004,seed42:38; seed43:131; seed44:224; seed45:317; seed46:410
clean_ce_weight,clean_ce_weight,trp_caf,30,0.5,0.5,standard_accuracy,91.171875,1.0463355653108495,92.1875,89.84375,91.2109375,90.4296875,92.1875,实测,SRC004,seed42:41; seed43:134; seed44:227; seed45:320; seed46:413
clean_ce_weight,clean_ce_weight,trp_caf,30,1.0,1.0,standard_accuracy,91.171875,1.0463355653108495,92.1875,89.84375,91.2109375,90.4296875,92.1875,默认实验复用（1×）,SRC004,seed42:35; seed43:128; seed44:221; seed45:314; seed46:407
clean_ce_weight,clean_ce_weight,trp_caf,30,2.0,2.0,standard_accuracy,91.171875,1.116873316835609,92.1875,89.6484375,91.40625,90.4296875,92.1875,实测,SRC004,seed42:44; seed43:137; seed44:230; seed45:323; seed46:416
clean_ce_weight,clean_ce_weight,caf,0,0.0,0.0,robust_accuracy,77.890625,1.6993309948559536,78.3203125,80.46875,76.171875,76.5625,77.9296875,实测,SRC004,seed42:36; seed43:129; seed44:222; seed45:315; seed46:408
clean_ce_weight,clean_ce_weight,caf,0,0.5,0.5,robust_accuracy,77.890625,1.8652088103614566,78.3203125,80.6640625,75.9765625,76.3671875,78.125,实测,SRC004,seed42:39; seed43:132; seed44:225; seed45:318; seed46:411
clean_ce_weight,clean_ce_weight,caf,0,1.0,1.0,robust_accuracy,77.890625,1.8600888204389259,78.3203125,80.6640625,76.171875,76.171875,78.125,默认实验复用（1×）,SRC004,seed42:33; seed43:126; seed44:219; seed45:312; seed46:405
clean_ce_weight,clean_ce_weight,caf,0,2.0,2.0,robust_accuracy,77.9296875,1.9384212149686726,78.3203125,80.859375,76.3671875,75.9765625,78.125,实测,SRC004,seed42:42; seed43:135; seed44:228; seed45:321; seed46:414
clean_ce_weight,clean_ce_weight,trp_caf,25,0.0,0.0,robust_accuracy,81.171875,1.1013962640524753,81.640625,82.2265625,80.6640625,79.4921875,81.8359375,实测,SRC004,seed42:37; seed43:130; seed44:223; seed45:316; seed46:409
clean_ce_weight,clean_ce_weight,trp_caf,25,0.5,0.5,robust_accuracy,81.25,0.7689460814464659,81.8359375,81.640625,80.859375,80.078125,81.8359375,实测,SRC004,seed42:40; seed43:133; seed44:226; seed45:319; seed46:412
clean_ce_weight,clean_ce_weight,trp_caf,25,1.0,1.0,robust_accuracy,81.953125,1.1438711300270563,83.203125,82.2265625,80.6640625,80.859375,82.8125,默认实验复用（1×）,SRC004,seed42:34; seed43:127; seed44:220; seed45:313; seed46:406
clean_ce_weight,clean_ce_weight,trp_caf,25,2.0,2.0,robust_accuracy,80.8203125,0.9305569726227809,80.6640625,82.03125,80.2734375,79.6875,81.4453125,实测,SRC004,seed42:43; seed43:136; seed44:229; seed45:322; seed46:415
clean_ce_weight,clean_ce_weight,trp_caf,30,0.0,0.0,robust_accuracy,81.4453125,1.060818407343771,82.2265625,82.2265625,81.25,79.6875,81.8359375,实测,SRC004,seed42:38; seed43:131; seed44:224; seed45:317; seed46:410
clean_ce_weight,clean_ce_weight,trp_caf,30,0.5,0.5,robust_accuracy,81.4453125,1.2657696676577852,82.8125,82.8125,80.2734375,80.46875,80.859375,实测,SRC004,seed42:41; seed43:134; seed44:227; seed45:320; seed46:413
clean_ce_weight,clean_ce_weight,trp_caf,30,1.0,1.0,robust_accuracy,81.40625,1.0996631453327537,81.640625,82.6171875,80.46875,80.078125,82.2265625,默认实验复用（1×）,SRC004,seed42:35; seed43:128; seed44:221; seed45:314; seed46:407
clean_ce_weight,clean_ce_weight,trp_caf,30,2.0,2.0,robust_accuracy,81.6015625,1.3907018061654608,83.203125,82.6171875,80.078125,80.2734375,81.8359375,实测,SRC004,seed42:44; seed43:137; seed44:230; seed45:323; seed46:416
pur_ce_weight,pur_ce_weight,caf,0,0.0,0.0,standard_accuracy,93.28125,1.0661987549965766,94.7265625,92.1875,93.1640625,92.3828125,93.9453125,实测,SRC004,seed42:45; seed43:138; seed44:231; seed45:324; seed46:417
pur_ce_weight,pur_ce_weight,caf,0,0.5,0.25,standard_accuracy,93.2421875,1.0751061675408504,94.7265625,92.1875,92.96875,92.3828125,93.9453125,实测,SRC004,seed42:48; seed43:141; seed44:234; seed45:327; seed46:420
pur_ce_weight,pur_ce_weight,caf,0,1.0,0.5,standard_accuracy,93.203125,1.0463355653108495,94.7265625,92.1875,92.96875,92.3828125,93.75,默认实验复用（1×）,SRC004,seed42:33; seed43:126; seed44:219; seed45:312; seed46:405
pur_ce_weight,pur_ce_weight,caf,0,2.0,1.0,standard_accuracy,93.125,1.0821793107183648,94.7265625,92.1875,92.578125,92.3828125,93.75,实测,SRC004,seed42:51; seed43:144; seed44:237; seed45:330; seed46:423
pur_ce_weight,pur_ce_weight,trp_caf,25,0.0,0.0,standard_accuracy,90.3125,1.0481568644530264,91.015625,89.2578125,90.4296875,89.2578125,91.6015625,实测,SRC004,seed42:46; seed43:139; seed44:232; seed45:325; seed46:418
pur_ce_weight,pur_ce_weight,trp_caf,25,0.5,0.25,standard_accuracy,90.2734375,1.0463355653108495,91.015625,89.2578125,90.234375,89.2578125,91.6015625,实测,SRC004,seed42:49; seed43:142; seed44:235; seed45:328; seed46:421
pur_ce_weight,pur_ce_weight,trp_caf,25,1.0,0.5,standard_accuracy,90.3125,1.0481568644530264,91.015625,89.2578125,90.4296875,89.2578125,91.6015625,默认实验复用（1×）,SRC004,seed42:34; seed43:127; seed44:220; seed45:313; seed46:406
pur_ce_weight,pur_ce_weight,trp_caf,25,2.0,1.0,standard_accuracy,90.3515625,1.0572162970878405,91.015625,89.2578125,90.625,89.2578125,91.6015625,实测,SRC004,seed42:52; seed43:145; seed44:238; seed45:331; seed46:424
pur_ce_weight,pur_ce_weight,trp_caf,30,0.0,0.0,standard_accuracy,91.171875,1.0463355653108495,92.1875,89.84375,91.2109375,90.4296875,92.1875,实测,SRC004,seed42:47; seed43:140; seed44:233; seed45:326; seed46:419
pur_ce_weight,pur_ce_weight,trp_caf,30,0.5,0.25,standard_accuracy,91.171875,1.0463355653108495,92.1875,89.84375,91.2109375,90.4296875,92.1875,实测,SRC004,seed42:50; seed43:143; seed44:236; seed45:329; seed46:422
pur_ce_weight,pur_ce_weight,trp_caf,30,1.0,0.5,standard_accuracy,91.171875,1.0463355653108495,92.1875,89.84375,91.2109375,90.4296875,92.1875,默认实验复用（1×）,SRC004,seed42:35; seed43:128; seed44:221; seed45:314; seed46:407
pur_ce_weight,pur_ce_weight,trp_caf,30,2.0,1.0,standard_accuracy,91.171875,1.0463355653108495,92.1875,89.84375,91.2109375,90.4296875,92.1875,实测,SRC004,seed42:53; seed43:146; seed44:239; seed45:332; seed46:425
pur_ce_weight,pur_ce_weight,caf,0,0.0,0.0,robust_accuracy,77.96875,1.8906007875515722,78.3203125,80.859375,76.171875,76.3671875,78.125,实测,SRC004,seed42:45; seed43:138; seed44:231; seed45:324; seed46:417
pur_ce_weight,pur_ce_weight,caf,0,0.5,0.25,robust_accuracy,77.9296875,1.933495104806966,78.3203125,80.859375,76.171875,76.171875,78.125,实测,SRC004,seed42:48; seed43:141; seed44:234; seed45:327; seed46:420
pur_ce_weight,pur_ce_weight,caf,0,1.0,0.5,robust_accuracy,77.890625,1.8600888204389259,78.3203125,80.6640625,76.171875,76.171875,78.125,默认实验复用（1×）,SRC004,seed42:33; seed43:126; seed44:219; seed45:312; seed46:405
pur_ce_weight,pur_ce_weight,caf,0,2.0,1.0,robust_accuracy,77.8515625,1.9066741971665282,78.3203125,80.6640625,76.171875,75.9765625,78.125,实测,SRC004,seed42:51; seed43:144; seed44:237; seed45:330; seed46:423
pur_ce_weight,pur_ce_weight,trp_caf,25,0.0,0.0,robust_accuracy,80.8984375,1.2306237501580752,81.4453125,82.421875,80.46875,79.1015625,81.0546875,实测,SRC004,seed42:46; seed43:139; seed44:232; seed45:325; seed46:418
pur_ce_weight,pur_ce_weight,trp_caf,25,0.5,0.25,robust_accuracy,81.09375,0.6680715381440262,81.4453125,81.640625,80.46875,80.2734375,81.640625,实测,SRC004,seed42:49; seed43:142; seed44:235; seed45:328; seed46:421
pur_ce_weight,pur_ce_weight,trp_caf,25,1.0,0.5,robust_accuracy,81.953125,1.1438711300270563,83.203125,82.2265625,80.6640625,80.859375,82.8125,默认实验复用（1×）,SRC004,seed42:34; seed43:127; seed44:220; seed45:313; seed46:406
pur_ce_weight,pur_ce_weight,trp_caf,25,2.0,1.0,robust_accuracy,81.2890625,1.2460263990419205,82.2265625,82.8125,79.8828125,80.2734375,81.25,实测,SRC004,seed42:52; seed43:145; seed44:238; seed45:331; seed46:424
pur_ce_weight,pur_ce_weight,trp_caf,30,0.0,0.0,robust_accuracy,81.71875,2.065146857482235,84.1796875,83.0078125,79.4921875,79.6875,82.2265625,实测,SRC004,seed42:47; seed43:140; seed44:233; seed45:326; seed46:419
pur_ce_weight,pur_ce_weight,trp_caf,30,0.5,0.25,robust_accuracy,81.5625,1.2398883006331154,82.03125,83.0078125,80.46875,80.078125,82.2265625,实测,SRC004,seed42:50; seed43:143; seed44:236; seed45:329; seed46:422
pur_ce_weight,pur_ce_weight,trp_caf,30,1.0,0.5,robust_accuracy,81.40625,1.0996631453327537,81.640625,82.6171875,80.46875,80.078125,82.2265625,默认实验复用（1×）,SRC004,seed42:35; seed43:128; seed44:221; seed45:314; seed46:407
pur_ce_weight,pur_ce_weight,trp_caf,30,2.0,1.0,robust_accuracy,81.640625,1.2506102026236032,83.3984375,82.2265625,80.6640625,80.2734375,81.640625,实测,SRC004,seed42:53; seed43:146; seed44:239; seed45:332; seed46:425
adv_pur_ce_weight,adv_pur_ce_weight,caf,0,0.0,0.0,standard_accuracy,93.3984375,0.8100172403643641,94.53125,92.578125,92.96875,92.96875,93.9453125,实测,SRC004,seed42:54; seed43:147; seed44:240; seed45:333; seed46:426
adv_pur_ce_weight,adv_pur_ce_weight,caf,0,0.5,0.5,standard_accuracy,93.28125,1.0111077426206863,94.7265625,92.578125,92.7734375,92.3828125,93.9453125,实测,SRC004,seed42:57; seed43:150; seed44:243; seed45:336; seed46:429
adv_pur_ce_weight,adv_pur_ce_weight,caf,0,1.0,1.0,standard_accuracy,93.203125,1.0463355653108495,94.7265625,92.1875,92.96875,92.3828125,93.75,默认实验复用（1×）,SRC004,seed42:33; seed43:126; seed44:219; seed45:312; seed46:405
adv_pur_ce_weight,adv_pur_ce_weight,caf,0,2.0,2.0,standard_accuracy,93.1640625,1.060818407343771,94.7265625,92.1875,92.7734375,92.3828125,93.75,实测,SRC004,seed42:60; seed43:153; seed44:246; seed45:339; seed46:432
adv_pur_ce_weight,adv_pur_ce_weight,trp_caf,25,0.0,0.0,standard_accuracy,90.46875,1.1587810136086973,91.2109375,89.2578125,90.8203125,89.2578125,91.796875,实测,SRC004,seed42:55; seed43:148; seed44:241; seed45:334; seed46:427
adv_pur_ce_weight,adv_pur_ce_weight,trp_caf,25,0.5,0.5,standard_accuracy,90.4296875,1.1304528225381079,91.015625,89.2578125,90.8203125,89.2578125,91.796875,实测,SRC004,seed42:58; seed43:151; seed44:244; seed45:337; seed46:430
adv_pur_ce_weight,adv_pur_ce_weight,trp_caf,25,1.0,1.0,standard_accuracy,90.3125,1.0481568644530264,91.015625,89.2578125,90.4296875,89.2578125,91.6015625,默认实验复用（1×）,SRC004,seed42:34; seed43:127; seed44:220; seed45:313; seed46:406
adv_pur_ce_weight,adv_pur_ce_weight,trp_caf,25,2.0,2.0,standard_accuracy,90.3125,1.0481568644530264,91.015625,89.2578125,90.4296875,89.2578125,91.6015625,实测,SRC004,seed42:61; seed43:154; seed44:247; seed45:340; seed46:433
adv_pur_ce_weight,adv_pur_ce_weight,trp_caf,30,0.0,0.0,standard_accuracy,91.2109375,1.0517900013934578,92.1875,89.84375,91.40625,90.4296875,92.1875,实测,SRC004,seed42:56; seed43:149; seed44:242; seed45:335; seed46:428
adv_pur_ce_weight,adv_pur_ce_weight,trp_caf,30,0.5,0.5,standard_accuracy,91.171875,1.0463355653108495,92.1875,89.84375,91.2109375,90.4296875,92.1875,实测,SRC004,seed42:59; seed43:152; seed44:245; seed45:338; seed46:431
adv_pur_ce_weight,adv_pur_ce_weight,trp_caf,30,1.0,1.0,standard_accuracy,91.171875,1.0463355653108495,92.1875,89.84375,91.2109375,90.4296875,92.1875,默认实验复用（1×）,SRC004,seed42:35; seed43:128; seed44:221; seed45:314; seed46:407
adv_pur_ce_weight,adv_pur_ce_weight,trp_caf,30,2.0,2.0,standard_accuracy,91.171875,1.0463355653108495,92.1875,89.84375,91.2109375,90.4296875,92.1875,实测,SRC004,seed42:62; seed43:155; seed44:248; seed45:341; seed46:434
adv_pur_ce_weight,adv_pur_ce_weight,caf,0,0.0,0.0,robust_accuracy,78.125,1.6046559301909165,78.3203125,80.6640625,76.5625,76.953125,78.125,实测,SRC004,seed42:54; seed43:147; seed44:240; seed45:333; seed46:426
adv_pur_ce_weight,adv_pur_ce_weight,caf,0,0.5,0.5,robust_accuracy,77.96875,1.8498063269611835,78.3203125,80.859375,76.171875,76.5625,77.9296875,实测,SRC004,seed42:57; seed43:150; seed44:243; seed45:336; seed46:429
adv_pur_ce_weight,adv_pur_ce_weight,caf,0,1.0,1.0,robust_accuracy,77.890625,1.8600888204389259,78.3203125,80.6640625,76.171875,76.171875,78.125,默认实验复用（1×）,SRC004,seed42:33; seed43:126; seed44:219; seed45:312; seed46:405
adv_pur_ce_weight,adv_pur_ce_weight,caf,0,2.0,2.0,robust_accuracy,77.8515625,1.9066741971665282,78.3203125,80.6640625,76.171875,75.9765625,78.125,实测,SRC004,seed42:60; seed43:153; seed44:246; seed45:339; seed46:432
adv_pur_ce_weight,adv_pur_ce_weight,trp_caf,25,0.0,0.0,robust_accuracy,81.4453125,1.5002237788805874,82.8125,82.421875,80.46875,79.296875,82.2265625,实测,SRC004,seed42:55; seed43:148; seed44:241; seed45:334; seed46:427
adv_pur_ce_weight,adv_pur_ce_weight,trp_caf,25,0.5,0.5,robust_accuracy,81.09375,1.0644083276123995,81.640625,82.2265625,80.2734375,79.6875,81.640625,实测,SRC004,seed42:58; seed43:151; seed44:244; seed45:337; seed46:430
adv_pur_ce_weight,adv_pur_ce_weight,trp_caf,25,1.0,1.0,robust_accuracy,81.953125,1.1438711300270563,83.203125,82.2265625,80.6640625,80.859375,82.8125,默认实验复用（1×）,SRC004,seed42:34; seed43:127; seed44:220; seed45:313; seed46:406
adv_pur_ce_weight,adv_pur_ce_weight,trp_caf,25,2.0,2.0,robust_accuracy,81.015625,1.7160845809756873,81.4453125,83.59375,79.1015625,79.8828125,81.0546875,实测,SRC004,seed42:61; seed43:154; seed44:247; seed45:340; seed46:433
adv_pur_ce_weight,adv_pur_ce_weight,trp_caf,30,0.0,0.0,robust_accuracy,81.71875,1.5843202961463474,83.7890625,82.03125,81.0546875,79.4921875,82.2265625,实测,SRC004,seed42:56; seed43:149; seed44:242; seed45:335; seed46:428
adv_pur_ce_weight,adv_pur_ce_weight,trp_caf,30,0.5,0.5,robust_accuracy,81.7578125,1.7282673285647607,83.203125,83.203125,79.8828125,79.8828125,82.6171875,实测,SRC004,seed42:59; seed43:152; seed44:245; seed45:338; seed46:431
adv_pur_ce_weight,adv_pur_ce_weight,trp_caf,30,1.0,1.0,robust_accuracy,81.40625,1.0996631453327537,81.640625,82.6171875,80.46875,80.078125,82.2265625,默认实验复用（1×）,SRC004,seed42:35; seed43:128; seed44:221; seed45:314; seed46:407
adv_pur_ce_weight,adv_pur_ce_weight,trp_caf,30,2.0,2.0,robust_accuracy,81.6015625,1.3489294257681255,82.8125,83.0078125,79.8828125,80.6640625,81.640625,实测,SRC004,seed42:62; seed43:155; seed44:248; seed45:341; seed46:434
lambda_pur,lambda_pur,caf,0,0.0,0.0,standard_accuracy,93.203125,1.0186253758129138,94.7265625,92.3828125,92.7734375,92.3828125,93.75,实测,SRC004,seed42:63; seed43:156; seed44:249; seed45:342; seed46:435
lambda_pur,lambda_pur,caf,0,0.5,0.1,standard_accuracy,93.1640625,1.060818407343771,94.7265625,92.1875,92.7734375,92.3828125,93.75,实测,SRC004,seed42:66; seed43:159; seed44:252; seed45:345; seed46:438
lambda_pur,lambda_pur,caf,0,1.0,0.2,standard_accuracy,93.203125,1.0463355653108495,94.7265625,92.1875,92.96875,92.3828125,93.75,默认实验复用（1×）,SRC004,seed42:33; seed43:126; seed44:219; seed45:312; seed46:405
lambda_pur,lambda_pur,caf,0,2.0,0.4,standard_accuracy,93.359375,0.9765625,94.7265625,92.578125,93.1640625,92.3828125,93.9453125,实测,SRC004,seed42:69; seed43:162; seed44:255; seed45:348; seed46:441
lambda_pur,lambda_pur,trp_caf,25,0.0,0.0,standard_accuracy,90.390625,1.0092195845909229,91.015625,89.453125,90.625,89.2578125,91.6015625,实测,SRC004,seed42:64; seed43:157; seed44:250; seed45:343; seed46:436
lambda_pur,lambda_pur,trp_caf,25,0.5,0.1,standard_accuracy,90.3515625,1.0016313597623503,91.015625,89.453125,90.4296875,89.2578125,91.6015625,实测,SRC004,seed42:67; seed43:160; seed44:253; seed45:346; seed46:439
lambda_pur,lambda_pur,trp_caf,25,1.0,0.2,standard_accuracy,90.3125,1.0481568644530264,91.015625,89.2578125,90.4296875,89.2578125,91.6015625,默认实验复用（1×）,SRC004,seed42:34; seed43:127; seed44:220; seed45:313; seed46:406
lambda_pur,lambda_pur,trp_caf,25,2.0,0.4,standard_accuracy,90.390625,1.0909562534194486,91.2109375,89.2578125,90.625,89.2578125,91.6015625,实测,SRC004,seed42:70; seed43:163; seed44:256; seed45:349; seed46:442
lambda_pur,lambda_pur,trp_caf,30,0.0,0.0,standard_accuracy,91.1328125,1.110021268623658,92.1875,89.6484375,91.2109375,90.4296875,92.1875,实测,SRC004,seed42:65; seed43:158; seed44:251; seed45:344; seed46:437
lambda_pur,lambda_pur,trp_caf,30,0.5,0.1,standard_accuracy,91.171875,1.0463355653108495,92.1875,89.84375,91.2109375,90.4296875,92.1875,实测,SRC004,seed42:68; seed43:161; seed44:254; seed45:347; seed46:440
lambda_pur,lambda_pur,trp_caf,30,1.0,0.2,standard_accuracy,91.171875,1.0463355653108495,92.1875,89.84375,91.2109375,90.4296875,92.1875,默认实验复用（1×）,SRC004,seed42:35; seed43:128; seed44:221; seed45:314; seed46:407
lambda_pur,lambda_pur,trp_caf,30,2.0,0.4,standard_accuracy,91.171875,1.0463355653108495,92.1875,89.84375,91.2109375,90.4296875,92.1875,实测,SRC004,seed42:71; seed43:164; seed44:257; seed45:350; seed46:443
lambda_pur,lambda_pur,caf,0,0.0,0.0,robust_accuracy,77.8515625,1.9066741971665282,78.3203125,80.6640625,76.171875,75.9765625,78.125,实测,SRC004,seed42:63; seed43:156; seed44:249; seed45:342; seed46:435
lambda_pur,lambda_pur,caf,0,0.5,0.1,robust_accuracy,77.8515625,1.9066741971665282,78.3203125,80.6640625,76.171875,75.9765625,78.125,实测,SRC004,seed42:66; seed43:159; seed44:252; seed45:345; seed46:438
lambda_pur,lambda_pur,caf,0,1.0,0.2,robust_accuracy,77.890625,1.8600888204389259,78.3203125,80.6640625,76.171875,76.171875,78.125,默认实验复用（1×）,SRC004,seed42:33; seed43:126; seed44:219; seed45:312; seed46:405
lambda_pur,lambda_pur,caf,0,2.0,0.4,robust_accuracy,77.890625,1.8238464890513675,78.3203125,80.6640625,75.9765625,76.5625,77.9296875,实测,SRC004,seed42:69; seed43:162; seed44:255; seed45:348; seed46:441
lambda_pur,lambda_pur,trp_caf,25,0.0,0.0,robust_accuracy,81.015625,0.7096055517415996,80.6640625,82.2265625,80.46875,80.6640625,81.0546875,实测,SRC004,seed42:64; seed43:157; seed44:250; seed45:343; seed46:436
lambda_pur,lambda_pur,trp_caf,25,0.5,0.1,robust_accuracy,81.0546875,1.014873520059889,82.03125,82.03125,80.46875,79.6875,81.0546875,实测,SRC004,seed42:67; seed43:160; seed44:253; seed45:346; seed46:439
lambda_pur,lambda_pur,trp_caf,25,1.0,0.2,robust_accuracy,81.953125,1.1438711300270563,83.203125,82.2265625,80.6640625,80.859375,82.8125,默认实验复用（1×）,SRC004,seed42:34; seed43:127; seed44:220; seed45:313; seed46:406
lambda_pur,lambda_pur,trp_caf,25,2.0,0.4,robust_accuracy,81.1328125,0.8907620508587015,81.640625,81.8359375,80.859375,79.6875,81.640625,实测,SRC004,seed42:70; seed43:163; seed44:256; seed45:349; seed46:442
lambda_pur,lambda_pur,trp_caf,30,0.0,0.0,robust_accuracy,81.71875,1.4392291739797296,82.8125,83.3984375,80.46875,80.078125,81.8359375,实测,SRC004,seed42:65; seed43:158; seed44:251; seed45:344; seed46:437
lambda_pur,lambda_pur,trp_caf,30,0.5,0.1,robust_accuracy,81.5234375,1.6835439015242148,83.3984375,82.8125,79.8828125,79.6875,81.8359375,实测,SRC004,seed42:68; seed43:161; seed44:254; seed45:347; seed46:440
lambda_pur,lambda_pur,trp_caf,30,1.0,0.2,robust_accuracy,81.40625,1.0996631453327537,81.640625,82.6171875,80.46875,80.078125,82.2265625,默认实验复用（1×）,SRC004,seed42:35; seed43:128; seed44:221; seed45:314; seed46:407
lambda_pur,lambda_pur,trp_caf,30,2.0,0.4,robust_accuracy,81.40625,0.9901399887216075,82.421875,82.421875,80.6640625,80.2734375,81.25,实测,SRC004,seed42:71; seed43:164; seed44:257; seed45:350; seed46:443
lambda_adv_pur,lambda_adv_pur,caf,0,0.0,0.0,standard_accuracy,93.203125,1.0279451067922474,94.7265625,92.578125,92.7734375,92.1875,93.75,实测,SRC004,seed42:72; seed43:165; seed44:258; seed45:351; seed46:444
lambda_adv_pur,lambda_adv_pur,caf,0,0.5,0.25,standard_accuracy,93.203125,1.0186253758129138,94.7265625,92.3828125,92.7734375,92.3828125,93.75,实测,SRC004,seed42:75; seed43:168; seed44:261; seed45:354; seed46:447
lambda_adv_pur,lambda_adv_pur,caf,0,1.0,0.5,standard_accuracy,93.203125,1.0463355653108495,94.7265625,92.1875,92.96875,92.3828125,93.75,默认实验复用（1×）,SRC004,seed42:33; seed43:126; seed44:219; seed45:312; seed46:405
lambda_adv_pur,lambda_adv_pur,caf,0,2.0,1.0,standard_accuracy,93.3984375,0.9305569726227809,94.7265625,92.578125,93.1640625,92.578125,93.9453125,实测,SRC004,seed42:78; seed43:171; seed44:264; seed45:357; seed46:450
lambda_adv_pur,lambda_adv_pur,trp_caf,25,0.0,0.0,standard_accuracy,90.2734375,1.0996631453327537,91.015625,89.2578125,90.4296875,89.0625,91.6015625,实测,SRC004,seed42:73; seed43:166; seed44:259; seed45:352; seed46:445
lambda_adv_pur,lambda_adv_pur,trp_caf,25,0.5,0.25,standard_accuracy,90.2734375,1.0996631453327537,91.015625,89.0625,90.4296875,89.2578125,91.6015625,实测,SRC004,seed42:76; seed43:169; seed44:262; seed45:355; seed46:448
lambda_adv_pur,lambda_adv_pur,trp_caf,25,1.0,0.5,standard_accuracy,90.3125,1.0481568644530264,91.015625,89.2578125,90.4296875,89.2578125,91.6015625,默认实验复用（1×）,SRC004,seed42:34; seed43:127; seed44:220; seed45:313; seed46:406
lambda_adv_pur,lambda_adv_pur,trp_caf,25,2.0,1.0,standard_accuracy,90.390625,1.0909562534194486,91.2109375,89.2578125,90.625,89.2578125,91.6015625,实测,SRC004,seed42:79; seed43:172; seed44:265; seed45:358; seed46:451
lambda_adv_pur,lambda_adv_pur,trp_caf,30,0.0,0.0,standard_accuracy,91.2109375,1.1388577919619727,91.9921875,89.6484375,91.6015625,90.4296875,92.3828125,实测,SRC004,seed42:74; seed43:167; seed44:260; seed45:353; seed46:446
lambda_adv_pur,lambda_adv_pur,trp_caf,30,0.5,0.25,standard_accuracy,91.1328125,1.110021268623658,92.1875,89.6484375,91.2109375,90.4296875,92.1875,实测,SRC004,seed42:77; seed43:170; seed44:263; seed45:356; seed46:449
lambda_adv_pur,lambda_adv_pur,trp_caf,30,1.0,0.5,standard_accuracy,91.171875,1.0463355653108495,92.1875,89.84375,91.2109375,90.4296875,92.1875,默认实验复用（1×）,SRC004,seed42:35; seed43:128; seed44:221; seed45:314; seed46:407
lambda_adv_pur,lambda_adv_pur,trp_caf,30,2.0,1.0,standard_accuracy,91.25,1.0371810974493558,92.3828125,90.0390625,91.2109375,90.4296875,92.1875,实测,SRC004,seed42:80; seed43:173; seed44:266; seed45:359; seed46:452
lambda_adv_pur,lambda_adv_pur,caf,0,0.0,0.0,robust_accuracy,77.7734375,1.7326761809544433,77.9296875,80.46875,76.5625,75.9765625,77.9296875,实测,SRC004,seed42:72; seed43:165; seed44:258; seed45:351; seed46:444
lambda_adv_pur,lambda_adv_pur,caf,0,0.5,0.25,robust_accuracy,77.890625,1.8652088103614566,78.3203125,80.6640625,76.3671875,75.9765625,78.125,实测,SRC004,seed42:75; seed43:168; seed44:261; seed45:354; seed46:447
lambda_adv_pur,lambda_adv_pur,caf,0,1.0,0.5,robust_accuracy,77.890625,1.8600888204389259,78.3203125,80.6640625,76.171875,76.171875,78.125,默认实验复用（1×）,SRC004,seed42:33; seed43:126; seed44:219; seed45:312; seed46:405
lambda_adv_pur,lambda_adv_pur,caf,0,2.0,1.0,robust_accuracy,77.96875,1.738171520413046,78.3203125,80.6640625,76.171875,76.7578125,77.9296875,实测,SRC004,seed42:78; seed43:171; seed44:264; seed45:357; seed46:450
lambda_adv_pur,lambda_adv_pur,trp_caf,25,0.0,0.0,robust_accuracy,80.9765625,1.2926087584198669,80.859375,83.0078125,80.078125,79.6875,81.25,实测,SRC004,seed42:73; seed43:166; seed44:259; seed45:352; seed46:445
lambda_adv_pur,lambda_adv_pur,trp_caf,25,0.5,0.25,robust_accuracy,81.328125,1.2999657259604482,81.640625,83.203125,80.6640625,79.6875,81.4453125,实测,SRC004,seed42:76; seed43:169; seed44:262; seed45:355; seed46:448
lambda_adv_pur,lambda_adv_pur,trp_caf,25,1.0,0.5,robust_accuracy,81.953125,1.1438711300270563,83.203125,82.2265625,80.6640625,80.859375,82.8125,默认实验复用（1×）,SRC004,seed42:34; seed43:127; seed44:220; seed45:313; seed46:406
lambda_adv_pur,lambda_adv_pur,trp_caf,25,2.0,1.0,robust_accuracy,81.0546875,1.2807497117777344,81.8359375,82.03125,80.078125,79.296875,82.03125,实测,SRC004,seed42:79; seed43:172; seed44:265; seed45:358; seed46:451
lambda_adv_pur,lambda_adv_pur,trp_caf,30,0.0,0.0,robust_accuracy,81.40625,1.5027643798180739,83.0078125,82.6171875,80.2734375,79.4921875,81.640625,实测,SRC004,seed42:74; seed43:167; seed44:260; seed45:353; seed46:446
lambda_adv_pur,lambda_adv_pur,trp_caf,30,0.5,0.25,robust_accuracy,81.6796875,1.5216836859986294,83.0078125,83.203125,81.0546875,79.4921875,81.640625,实测,SRC004,seed42:77; seed43:170; seed44:263; seed45:356; seed46:449
lambda_adv_pur,lambda_adv_pur,trp_caf,30,1.0,0.5,robust_accuracy,81.40625,1.0996631453327537,81.640625,82.6171875,80.46875,80.078125,82.2265625,默认实验复用（1×）,SRC004,seed42:35; seed43:128; seed44:221; seed45:314; seed46:407
lambda_adv_pur,lambda_adv_pur,trp_caf,30,2.0,1.0,robust_accuracy,81.5625,1.3217909621631743,83.0078125,82.8125,80.2734375,80.2734375,81.4453125,实测,SRC004,seed42:80; seed43:173; seed44:266; seed45:359; seed46:452
