图名称,扫描参数,原始方法标签,rank,相对默认倍率,实际系数 / rank,指标字段,mean (%),sample SD (%),seed42 (%),seed43 (%),seed44 (%),seed45 (%),seed46 (%),seed47 (%),seed48 (%),seed49 (%),seed50 (%),seed51 (%),点来源类型,来源ID,逐seed CSV行号
rank,rank,trp_caf,15,,15,standard_accuracy,86.46484375,1.1538324599798382,84.375,85.546875,87.109375,85.9375,86.328125,87.890625,86.9140625,85.7421875,88.28125,86.5234375,实测,SRC271,seed42:5; seed43:60; seed44:115; seed45:170; seed46:225; seed47:283; seed48:338; seed49:393; seed50:448; seed51:503
rank,rank,trp_caf,20,,20,standard_accuracy,89.2578125,1.2657696676577852,89.6484375,86.9140625,89.2578125,87.6953125,88.8671875,91.40625,89.2578125,89.453125,90.4296875,89.6484375,实测,SRC271,seed42:6; seed43:61; seed44:116; seed45:171; seed46:226; seed47:284; seed48:339; seed49:394; seed50:449; seed51:504
rank,rank,trp_caf,25,,25,standard_accuracy,90.859375,1.0570158199272086,91.015625,89.2578125,90.4296875,89.2578125,91.6015625,92.7734375,91.40625,90.625,91.2109375,91.015625,实测,SRC271,seed42:3; seed43:58; seed44:113; seed45:168; seed46:223; seed47:278; seed48:333; seed49:388; seed50:443; seed51:498
rank,rank,trp_caf,30,,30,standard_accuracy,91.71875,1.0546071214227388,92.1875,89.84375,91.2109375,90.4296875,92.1875,93.1640625,92.578125,91.40625,92.7734375,91.40625,实测,SRC271,seed42:4; seed43:59; seed44:114; seed45:169; seed46:224; seed47:279; seed48:334; seed49:389; seed50:444; seed51:499
rank,rank,trp_caf,35,,35,standard_accuracy,92.03125,0.7962960860114925,91.796875,91.2109375,91.40625,91.015625,91.9921875,93.359375,93.1640625,91.6015625,92.578125,92.1875,实测,SRC271,seed42:7; seed43:62; seed44:117; seed45:172; seed46:227; seed47:285; seed48:340; seed49:395; seed50:450; seed51:505
rank,rank,trp_caf,40,,40,standard_accuracy,92.32421875,0.7815212202824285,92.7734375,91.6015625,92.1875,91.015625,92.578125,93.5546875,92.7734375,91.796875,93.1640625,91.796875,实测,SRC271,seed42:8; seed43:63; seed44:118; seed45:173; seed46:228; seed47:286; seed48:341; seed49:396; seed50:451; seed51:506
rank,rank,caf,0,,,standard_accuracy,93.4765625,0.8646852977022912,94.7265625,92.1875,92.96875,92.3828125,93.75,94.140625,94.140625,93.1640625,94.3359375,92.96875,实测,SRC271,seed42:2; seed43:57; seed44:112; seed45:167; seed46:222; seed47:277; seed48:332; seed49:387; seed50:442; seed51:497
rank,rank,trp_caf,15,,15,robust_accuracy,79.765625,1.2994765572786093,79.6875,79.8828125,80.6640625,77.5390625,80.46875,81.8359375,79.8828125,77.9296875,80.6640625,79.1015625,实测,SRC271,seed42:5; seed43:60; seed44:115; seed45:170; seed46:225; seed47:283; seed48:338; seed49:393; seed50:448; seed51:503
rank,rank,trp_caf,20,,20,robust_accuracy,81.23046875,1.2368078280459034,81.8359375,81.8359375,81.640625,78.515625,81.640625,81.8359375,82.8125,81.0546875,81.4453125,79.6875,实测,SRC271,seed42:6; seed43:61; seed44:116; seed45:171; seed46:226; seed47:284; seed48:339; seed49:394; seed50:449; seed51:504
rank,rank,trp_caf,25,,25,robust_accuracy,81.9140625,1.0424801511066717,83.203125,82.2265625,80.6640625,80.859375,82.8125,83.203125,82.2265625,80.2734375,82.03125,81.640625,实测,SRC271,seed42:3; seed43:58; seed44:113; seed45:168; seed46:223; seed47:278; seed48:333; seed49:388; seed50:443; seed51:498
rank,rank,trp_caf,30,,30,robust_accuracy,81.6796875,1.213804290252231,81.640625,82.6171875,80.46875,80.078125,82.2265625,83.203125,83.3984375,80.2734375,82.03125,80.859375,实测,SRC271,seed42:4; seed43:59; seed44:114; seed45:169; seed46:224; seed47:279; seed48:334; seed49:389; seed50:444; seed51:499
rank,rank,trp_caf,35,,35,robust_accuracy,81.62109375,1.6352684131980062,82.03125,82.421875,79.6875,79.1015625,83.203125,82.8125,84.1796875,80.46875,81.8359375,80.46875,实测,SRC271,seed42:7; seed43:62; seed44:117; seed45:172; seed46:227; seed47:285; seed48:340; seed49:395; seed50:450; seed51:505
rank,rank,trp_caf,40,,40,robust_accuracy,81.40625,1.4198082889097896,80.6640625,82.421875,79.4921875,79.6875,82.2265625,82.421875,83.7890625,80.078125,82.2265625,81.0546875,实测,SRC271,seed42:8; seed43:63; seed44:118; seed45:173; seed46:228; seed47:286; seed48:341; seed49:396; seed50:451; seed51:506
rank,rank,caf,0,,,robust_accuracy,78.6328125,1.747413297851125,78.3203125,80.6640625,76.171875,76.171875,78.125,78.125,79.6875,77.9296875,81.4453125,79.6875,实测,SRC271,seed42:2; seed43:57; seed44:112; seed45:167; seed46:222; seed47:277; seed48:332; seed49:387; seed50:442; seed51:497
clean_ce_weight,clean_ce_weight,caf,0,0.0,0.0,standard_accuracy,93.49609375,0.8540813124274803,94.7265625,92.3828125,92.96875,92.3828125,93.9453125,94.140625,94.140625,92.96875,94.3359375,92.96875,实测,SRC271,seed42:12; seed43:67; seed44:122; seed45:177; seed46:232; seed47:287; seed48:342; seed49:397; seed50:452; seed51:507
clean_ce_weight,clean_ce_weight,caf,0,0.5,0.5,standard_accuracy,93.49609375,0.8590296812523822,94.7265625,92.3828125,92.7734375,92.3828125,93.9453125,94.140625,94.140625,93.1640625,94.3359375,92.96875,实测,SRC271,seed42:15; seed43:70; seed44:125; seed45:180; seed46:235; seed47:290; seed48:345; seed49:400; seed50:455; seed51:510
clean_ce_weight,clean_ce_weight,caf,0,1.0,1.0,standard_accuracy,93.4765625,0.8646852977022912,94.7265625,92.1875,92.96875,92.3828125,93.75,94.140625,94.140625,93.1640625,94.3359375,92.96875,默认实验复用（1×）,SRC271,seed42:9; seed43:64; seed44:119; seed45:174; seed46:229; seed47:280; seed48:335; seed49:390; seed50:445; seed51:500
clean_ce_weight,clean_ce_weight,caf,0,2.0,2.0,standard_accuracy,93.49609375,0.8688418747631895,94.7265625,92.3828125,92.7734375,92.3828125,93.75,94.140625,94.3359375,93.1640625,94.3359375,92.96875,实测,SRC271,seed42:18; seed43:73; seed44:128; seed45:183; seed46:238; seed47:293; seed48:348; seed49:403; seed50:458; seed51:513
clean_ce_weight,clean_ce_weight,trp_caf,25,0.0,0.0,standard_accuracy,90.8984375,1.0505803517679329,91.2109375,89.2578125,90.4296875,89.2578125,91.40625,92.7734375,91.40625,90.8203125,91.2109375,91.2109375,实测,SRC271,seed42:13; seed43:68; seed44:123; seed45:178; seed46:233; seed47:288; seed48:343; seed49:398; seed50:453; seed51:508
clean_ce_weight,clean_ce_weight,trp_caf,25,0.5,0.5,standard_accuracy,90.83984375,1.067589233702927,91.015625,89.2578125,90.234375,89.2578125,91.6015625,92.7734375,91.40625,90.625,91.2109375,91.015625,实测,SRC271,seed42:16; seed43:71; seed44:126; seed45:181; seed46:236; seed47:291; seed48:346; seed49:401; seed50:456; seed51:511
clean_ce_weight,clean_ce_weight,trp_caf,25,1.0,1.0,standard_accuracy,90.859375,1.0570158199272086,91.015625,89.2578125,90.4296875,89.2578125,91.6015625,92.7734375,91.40625,90.625,91.2109375,91.015625,默认实验复用（1×）,SRC271,seed42:10; seed43:65; seed44:120; seed45:175; seed46:230; seed47:281; seed48:336; seed49:391; seed50:446; seed51:501
clean_ce_weight,clean_ce_weight,trp_caf,25,2.0,2.0,standard_accuracy,90.8984375,1.0177928253053543,91.015625,89.453125,90.625,89.2578125,91.6015625,92.7734375,91.40625,90.625,91.2109375,91.015625,实测,SRC271,seed42:19; seed43:74; seed44:129; seed45:184; seed46:239; seed47:294; seed48:349; seed49:404; seed50:459; seed51:514
clean_ce_weight,clean_ce_weight,trp_caf,30,0.0,0.0,standard_accuracy,91.81640625,1.1589638875960442,92.3828125,89.84375,91.2109375,90.4296875,92.1875,93.359375,93.1640625,91.40625,92.7734375,91.40625,实测,SRC271,seed42:14; seed43:69; seed44:124; seed45:179; seed46:234; seed47:289; seed48:344; seed49:399; seed50:454; seed51:509
clean_ce_weight,clean_ce_weight,trp_caf,30,0.5,0.5,standard_accuracy,91.7578125,1.0963820018240045,92.1875,89.84375,91.2109375,90.4296875,92.1875,93.1640625,92.96875,91.40625,92.7734375,91.40625,实测,SRC271,seed42:17; seed43:72; seed44:127; seed45:182; seed46:237; seed47:292; seed48:347; seed49:402; seed50:457; seed51:512
clean_ce_weight,clean_ce_weight,trp_caf,30,1.0,1.0,standard_accuracy,91.71875,1.0546071214227388,92.1875,89.84375,91.2109375,90.4296875,92.1875,93.1640625,92.578125,91.40625,92.7734375,91.40625,默认实验复用（1×）,SRC271,seed42:11; seed43:66; seed44:121; seed45:176; seed46:231; seed47:282; seed48:337; seed49:392; seed50:447; seed51:502
clean_ce_weight,clean_ce_weight,trp_caf,30,2.0,2.0,standard_accuracy,91.71875,1.0862840424278235,92.1875,89.6484375,91.40625,90.4296875,92.1875,93.1640625,92.578125,91.40625,92.7734375,91.40625,实测,SRC271,seed42:20; seed43:75; seed44:130; seed45:185; seed46:240; seed47:295; seed48:350; seed49:405; seed50:460; seed51:515
clean_ce_weight,clean_ce_weight,caf,0,0.0,0.0,robust_accuracy,78.59375,1.6552342272990317,78.3203125,80.46875,76.171875,76.5625,77.9296875,78.3203125,79.6875,77.5390625,81.25,79.6875,实测,SRC271,seed42:12; seed43:67; seed44:122; seed45:177; seed46:232; seed47:287; seed48:342; seed49:397; seed50:452; seed51:507
clean_ce_weight,clean_ce_weight,caf,0,0.5,0.5,robust_accuracy,78.59375,1.732798488947463,78.3203125,80.6640625,75.9765625,76.3671875,78.125,78.3203125,79.6875,77.5390625,81.25,79.6875,实测,SRC271,seed42:15; seed43:70; seed44:125; seed45:180; seed46:235; seed47:290; seed48:345; seed49:400; seed50:455; seed51:510
clean_ce_weight,clean_ce_weight,caf,0,1.0,1.0,robust_accuracy,78.6328125,1.747413297851125,78.3203125,80.6640625,76.171875,76.171875,78.125,78.125,79.6875,77.9296875,81.4453125,79.6875,默认实验复用（1×）,SRC271,seed42:9; seed43:64; seed44:119; seed45:174; seed46:229; seed47:280; seed48:335; seed49:390; seed50:445; seed51:500
clean_ce_weight,clean_ce_weight,caf,0,2.0,2.0,robust_accuracy,78.65234375,1.7567270954506922,78.3203125,80.859375,76.3671875,75.9765625,78.125,78.125,79.6875,77.9296875,81.25,79.8828125,实测,SRC271,seed42:18; seed43:73; seed44:128; seed45:183; seed46:238; seed47:293; seed48:348; seed49:403; seed50:458; seed51:513
clean_ce_weight,clean_ce_weight,trp_caf,25,0.0,0.0,robust_accuracy,81.4453125,1.4931438725494421,81.640625,82.2265625,80.6640625,79.4921875,81.8359375,84.1796875,82.6171875,79.1015625,80.859375,81.8359375,实测,SRC271,seed42:13; seed43:68; seed44:123; seed45:178; seed46:233; seed47:288; seed48:343; seed49:398; seed50:453; seed51:508
clean_ce_weight,clean_ce_weight,trp_caf,25,0.5,0.5,robust_accuracy,81.5625,1.176207269857939,81.8359375,81.640625,80.859375,80.078125,81.8359375,83.3984375,83.203125,79.8828125,80.859375,82.03125,实测,SRC271,seed42:16; seed43:71; seed44:126; seed45:181; seed46:236; seed47:291; seed48:346; seed49:401; seed50:456; seed51:511
clean_ce_weight,clean_ce_weight,trp_caf,25,1.0,1.0,robust_accuracy,81.9140625,1.0424801511066717,83.203125,82.2265625,80.6640625,80.859375,82.8125,83.203125,82.2265625,80.2734375,82.03125,81.640625,默认实验复用（1×）,SRC271,seed42:10; seed43:65; seed44:120; seed45:175; seed46:230; seed47:281; seed48:336; seed49:391; seed50:446; seed51:501
clean_ce_weight,clean_ce_weight,trp_caf,25,2.0,2.0,robust_accuracy,81.30859375,1.4588273437823318,80.6640625,82.03125,80.2734375,79.6875,81.4453125,84.1796875,82.2265625,79.1015625,82.03125,81.4453125,实测,SRC271,seed42:19; seed43:74; seed44:129; seed45:184; seed46:239; seed47:294; seed48:349; seed49:404; seed50:459; seed51:514
clean_ce_weight,clean_ce_weight,trp_caf,30,0.0,0.0,robust_accuracy,81.69921875,1.1864330116005812,82.2265625,82.2265625,81.25,79.6875,81.8359375,82.03125,83.984375,80.2734375,82.2265625,81.25,实测,SRC271,seed42:14; seed43:69; seed44:124; seed45:179; seed46:234; seed47:289; seed48:344; seed49:399; seed50:454; seed51:509
clean_ce_weight,clean_ce_weight,trp_caf,30,0.5,0.5,robust_accuracy,81.640625,1.1933790872280834,82.8125,82.8125,80.2734375,80.46875,80.859375,82.421875,83.0078125,79.8828125,82.421875,81.4453125,实测,SRC271,seed42:17; seed43:72; seed44:127; seed45:182; seed46:237; seed47:292; seed48:347; seed49:402; seed50:457; seed51:512
clean_ce_weight,clean_ce_weight,trp_caf,30,1.0,1.0,robust_accuracy,81.6796875,1.213804290252231,81.640625,82.6171875,80.46875,80.078125,82.2265625,83.203125,83.3984375,80.2734375,82.03125,80.859375,默认实验复用（1×）,SRC271,seed42:11; seed43:66; seed44:121; seed45:176; seed46:231; seed47:282; seed48:337; seed49:392; seed50:447; seed51:502
clean_ce_weight,clean_ce_weight,trp_caf,30,2.0,2.0,robust_accuracy,81.6015625,1.5234931435707035,83.203125,82.6171875,80.078125,80.2734375,81.8359375,82.8125,83.59375,79.1015625,82.03125,80.46875,实测,SRC271,seed42:20; seed43:75; seed44:130; seed45:185; seed46:240; seed47:295; seed48:350; seed49:405; seed50:460; seed51:515
pur_ce_weight,pur_ce_weight,caf,0,0.0,0.0,standard_accuracy,93.515625,0.8917132118887464,94.7265625,92.1875,93.1640625,92.3828125,93.9453125,94.3359375,94.140625,92.96875,94.3359375,92.96875,实测,SRC271,seed42:21; seed43:76; seed44:131; seed45:186; seed46:241; seed47:296; seed48:351; seed49:406; seed50:461; seed51:516
pur_ce_weight,pur_ce_weight,caf,0,0.5,0.25,standard_accuracy,93.515625,0.8917132118887464,94.7265625,92.1875,92.96875,92.3828125,93.9453125,94.3359375,94.140625,93.1640625,94.3359375,92.96875,实测,SRC271,seed42:24; seed43:79; seed44:134; seed45:189; seed46:244; seed47:299; seed48:354; seed49:409; seed50:464; seed51:519
pur_ce_weight,pur_ce_weight,caf,0,1.0,0.5,standard_accuracy,93.4765625,0.8646852977022912,94.7265625,92.1875,92.96875,92.3828125,93.75,94.140625,94.140625,93.1640625,94.3359375,92.96875,默认实验复用（1×）,SRC271,seed42:9; seed43:64; seed44:119; seed45:174; seed46:229; seed47:280; seed48:335; seed49:390; seed50:445; seed51:500
pur_ce_weight,pur_ce_weight,caf,0,2.0,1.0,standard_accuracy,93.4375,0.8983431411802261,94.7265625,92.1875,92.578125,92.3828125,93.75,94.140625,94.140625,93.1640625,94.3359375,92.96875,实测,SRC271,seed42:27; seed43:82; seed44:137; seed45:192; seed46:247; seed47:302; seed48:357; seed49:412; seed50:467; seed51:522
pur_ce_weight,pur_ce_weight,trp_caf,25,0.0,0.0,standard_accuracy,90.859375,1.0570158199272086,91.015625,89.2578125,90.4296875,89.2578125,91.6015625,92.7734375,91.40625,90.625,91.2109375,91.015625,实测,SRC271,seed42:22; seed43:77; seed44:132; seed45:187; seed46:242; seed47:297; seed48:352; seed49:407; seed50:462; seed51:517
pur_ce_weight,pur_ce_weight,trp_caf,25,0.5,0.25,standard_accuracy,90.859375,1.072935628877743,91.015625,89.2578125,90.234375,89.2578125,91.6015625,92.7734375,91.40625,90.625,91.2109375,91.2109375,实测,SRC271,seed42:25; seed43:80; seed44:135; seed45:190; seed46:245; seed47:300; seed48:355; seed49:410; seed50:465; seed51:520
pur_ce_weight,pur_ce_weight,trp_caf,25,1.0,0.5,standard_accuracy,90.859375,1.0570158199272086,91.015625,89.2578125,90.4296875,89.2578125,91.6015625,92.7734375,91.40625,90.625,91.2109375,91.015625,默认实验复用（1×）,SRC271,seed42:10; seed43:65; seed44:120; seed45:175; seed46:230; seed47:281; seed48:336; seed49:391; seed50:446; seed51:501
pur_ce_weight,pur_ce_weight,trp_caf,25,2.0,1.0,standard_accuracy,90.87890625,1.0499750043527822,91.015625,89.2578125,90.625,89.2578125,91.6015625,92.7734375,91.40625,90.625,91.2109375,91.015625,实测,SRC271,seed42:28; seed43:83; seed44:138; seed45:193; seed46:248; seed47:303; seed48:358; seed49:413; seed50:468; seed51:523
pur_ce_weight,pur_ce_weight,trp_caf,30,0.0,0.0,standard_accuracy,91.71875,1.0546071214227388,92.1875,89.84375,91.2109375,90.4296875,92.1875,93.1640625,92.578125,91.40625,92.7734375,91.40625,实测,SRC271,seed42:23; seed43:78; seed44:133; seed45:188; seed46:243; seed47:298; seed48:353; seed49:408; seed50:463; seed51:518
pur_ce_weight,pur_ce_weight,trp_caf,30,0.5,0.25,standard_accuracy,91.71875,1.0546071214227388,92.1875,89.84375,91.2109375,90.4296875,92.1875,93.1640625,92.578125,91.40625,92.7734375,91.40625,实测,SRC271,seed42:26; seed43:81; seed44:136; seed45:191; seed46:246; seed47:301; seed48:356; seed49:411; seed50:466; seed51:521
pur_ce_weight,pur_ce_weight,trp_caf,30,1.0,0.5,standard_accuracy,91.71875,1.0546071214227388,92.1875,89.84375,91.2109375,90.4296875,92.1875,93.1640625,92.578125,91.40625,92.7734375,91.40625,默认实验复用（1×）,SRC271,seed42:11; seed43:66; seed44:121; seed45:176; seed46:231; seed47:282; seed48:337; seed49:392; seed50:447; seed51:502
pur_ce_weight,pur_ce_weight,trp_caf,30,2.0,1.0,standard_accuracy,91.71875,1.0546071214227388,92.1875,89.84375,91.2109375,90.4296875,92.1875,93.1640625,92.578125,91.40625,92.7734375,91.40625,实测,SRC271,seed42:29; seed43:84; seed44:139; seed45:194; seed46:249; seed47:304; seed48:359; seed49:414; seed50:469; seed51:524
pur_ce_weight,pur_ce_weight,caf,0,0.0,0.0,robust_accuracy,78.61328125,1.7304731588544287,78.3203125,80.859375,76.171875,76.3671875,78.125,77.9296875,79.296875,77.9296875,81.4453125,79.6875,实测,SRC271,seed42:21; seed43:76; seed44:131; seed45:186; seed46:241; seed47:296; seed48:351; seed49:406; seed50:461; seed51:516
pur_ce_weight,pur_ce_weight,caf,0,0.5,0.25,robust_accuracy,78.61328125,1.7692289377215094,78.3203125,80.859375,76.171875,76.171875,78.125,77.9296875,79.4921875,77.9296875,81.4453125,79.6875,实测,SRC271,seed42:24; seed43:79; seed44:134; seed45:189; seed46:244; seed47:299; seed48:354; seed49:409; seed50:464; seed51:519
pur_ce_weight,pur_ce_weight,caf,0,1.0,0.5,robust_accuracy,78.6328125,1.747413297851125,78.3203125,80.6640625,76.171875,76.171875,78.125,78.125,79.6875,77.9296875,81.4453125,79.6875,默认实验复用（1×）,SRC271,seed42:9; seed43:64; seed44:119; seed45:174; seed46:229; seed47:280; seed48:335; seed49:390; seed50:445; seed51:500
pur_ce_weight,pur_ce_weight,caf,0,2.0,1.0,robust_accuracy,78.59375,1.7352428384330918,78.3203125,80.6640625,76.171875,75.9765625,78.125,78.515625,79.6875,77.734375,81.25,79.4921875,实测,SRC271,seed42:27; seed43:82; seed44:137; seed45:192; seed46:247; seed47:302; seed48:357; seed49:412; seed50:467; seed51:522
pur_ce_weight,pur_ce_weight,trp_caf,25,0.0,0.0,robust_accuracy,81.30859375,1.228555473485952,81.4453125,82.421875,80.46875,79.1015625,81.0546875,83.3984375,82.421875,80.2734375,81.25,81.25,实测,SRC271,seed42:22; seed43:77; seed44:132; seed45:187; seed46:242; seed47:297; seed48:352; seed49:407; seed50:462; seed51:517
pur_ce_weight,pur_ce_weight,trp_caf,25,0.5,0.25,robust_accuracy,81.328125,1.1833924757814336,81.4453125,81.640625,80.46875,80.2734375,81.640625,83.59375,82.8125,79.6875,80.6640625,81.0546875,实测,SRC271,seed42:25; seed43:80; seed44:135; seed45:190; seed46:245; seed47:300; seed48:355; seed49:410; seed50:465; seed51:520
pur_ce_weight,pur_ce_weight,trp_caf,25,1.0,0.5,robust_accuracy,81.9140625,1.0424801511066717,83.203125,82.2265625,80.6640625,80.859375,82.8125,83.203125,82.2265625,80.2734375,82.03125,81.640625,默认实验复用（1×）,SRC271,seed42:10; seed43:65; seed44:120; seed45:175; seed46:230; seed47:281; seed48:336; seed49:391; seed50:446; seed51:501
pur_ce_weight,pur_ce_weight,trp_caf,25,2.0,1.0,robust_accuracy,81.46484375,1.2020493139503066,82.2265625,82.8125,79.8828125,80.2734375,81.25,83.203125,82.8125,80.6640625,80.46875,81.0546875,实测,SRC271,seed42:28; seed43:83; seed44:138; seed45:193; seed46:248; seed47:303; seed48:358; seed49:413; seed50:468; seed51:523
pur_ce_weight,pur_ce_weight,trp_caf,30,0.0,0.0,robust_accuracy,81.71875,1.8187265832303137,84.1796875,83.0078125,79.4921875,79.6875,82.2265625,82.6171875,83.59375,78.90625,82.2265625,81.25,实测,SRC271,seed42:23; seed43:78; seed44:133; seed45:188; seed46:243; seed47:298; seed48:353; seed49:408; seed50:463; seed51:518
pur_ce_weight,pur_ce_weight,trp_caf,30,0.5,0.25,robust_accuracy,81.77734375,1.275942013540742,82.03125,83.0078125,80.46875,80.078125,82.2265625,82.8125,83.59375,79.8828125,82.2265625,81.4453125,实测,SRC271,seed42:26; seed43:81; seed44:136; seed45:191; seed46:246; seed47:301; seed48:356; seed49:411; seed50:466; seed51:521
pur_ce_weight,pur_ce_weight,trp_caf,30,1.0,0.5,robust_accuracy,81.6796875,1.213804290252231,81.640625,82.6171875,80.46875,80.078125,82.2265625,83.203125,83.3984375,80.2734375,82.03125,80.859375,默认实验复用（1×）,SRC271,seed42:11; seed43:66; seed44:121; seed45:176; seed46:231; seed47:282; seed48:337; seed49:392; seed50:447; seed51:502
pur_ce_weight,pur_ce_weight,trp_caf,30,2.0,1.0,robust_accuracy,81.6796875,1.3431038498153778,83.3984375,82.2265625,80.6640625,80.2734375,81.640625,82.421875,83.59375,79.4921875,82.2265625,80.859375,实测,SRC271,seed42:29; seed43:84; seed44:139; seed45:194; seed46:249; seed47:304; seed48:359; seed49:414; seed50:469; seed51:524
adv_pur_ce_weight,adv_pur_ce_weight,caf,0,0.0,0.0,standard_accuracy,93.57421875,0.7448667830710196,94.53125,92.578125,92.96875,92.96875,93.9453125,94.3359375,94.140625,92.96875,94.3359375,92.96875,实测,SRC271,seed42:30; seed43:85; seed44:140; seed45:195; seed46:250; seed47:305; seed48:360; seed49:415; seed50:470; seed51:525
adv_pur_ce_weight,adv_pur_ce_weight,caf,0,0.5,0.5,standard_accuracy,93.53515625,0.8510984815031771,94.7265625,92.578125,92.7734375,92.3828125,93.9453125,94.3359375,94.140625,93.1640625,94.3359375,92.96875,实测,SRC271,seed42:33; seed43:88; seed44:143; seed45:198; seed46:253; seed47:308; seed48:363; seed49:418; seed50:473; seed51:528
adv_pur_ce_weight,adv_pur_ce_weight,caf,0,1.0,1.0,standard_accuracy,93.4765625,0.8646852977022912,94.7265625,92.1875,92.96875,92.3828125,93.75,94.140625,94.140625,93.1640625,94.3359375,92.96875,默认实验复用（1×）,SRC271,seed42:9; seed43:64; seed44:119; seed45:174; seed46:229; seed47:280; seed48:335; seed49:390; seed50:445; seed51:500
adv_pur_ce_weight,adv_pur_ce_weight,caf,0,2.0,2.0,standard_accuracy,93.4765625,0.8983431411802261,94.7265625,92.1875,92.7734375,92.3828125,93.75,94.140625,94.3359375,93.1640625,94.3359375,92.96875,实测,SRC271,seed42:36; seed43:91; seed44:146; seed45:201; seed46:256; seed47:311; seed48:366; seed49:421; seed50:476; seed51:531
adv_pur_ce_weight,adv_pur_ce_weight,trp_caf,25,0.0,0.0,standard_accuracy,90.95703125,1.06996870745795,91.2109375,89.2578125,90.8203125,89.2578125,91.796875,92.7734375,91.40625,90.625,91.2109375,91.2109375,实测,SRC271,seed42:31; seed43:86; seed44:141; seed45:196; seed46:251; seed47:306; seed48:361; seed49:416; seed50:471; seed51:526
adv_pur_ce_weight,adv_pur_ce_weight,trp_caf,25,0.5,0.5,standard_accuracy,90.91796875,1.0628143045126632,91.015625,89.2578125,90.8203125,89.2578125,91.796875,92.7734375,91.40625,90.625,91.2109375,91.015625,实测,SRC271,seed42:34; seed43:89; seed44:144; seed45:199; seed46:254; seed47:309; seed48:364; seed49:419; seed50:474; seed51:529
adv_pur_ce_weight,adv_pur_ce_weight,trp_caf,25,1.0,1.0,standard_accuracy,90.859375,1.0570158199272086,91.015625,89.2578125,90.4296875,89.2578125,91.6015625,92.7734375,91.40625,90.625,91.2109375,91.015625,默认实验复用（1×）,SRC271,seed42:10; seed43:65; seed44:120; seed45:175; seed46:230; seed47:281; seed48:336; seed49:391; seed50:446; seed51:501
adv_pur_ce_weight,adv_pur_ce_weight,trp_caf,25,2.0,2.0,standard_accuracy,90.859375,1.0570158199272086,91.015625,89.2578125,90.4296875,89.2578125,91.6015625,92.7734375,91.40625,90.625,91.2109375,91.015625,实测,SRC271,seed42:37; seed43:92; seed44:147; seed45:202; seed46:257; seed47:312; seed48:367; seed49:422; seed50:477; seed51:532
adv_pur_ce_weight,adv_pur_ce_weight,trp_caf,30,0.0,0.0,standard_accuracy,91.796875,1.1163039192371254,92.1875,89.84375,91.40625,90.4296875,92.1875,93.359375,92.96875,91.40625,92.7734375,91.40625,实测,SRC271,seed42:32; seed43:87; seed44:142; seed45:197; seed46:252; seed47:307; seed48:362; seed49:417; seed50:472; seed51:527
adv_pur_ce_weight,adv_pur_ce_weight,trp_caf,30,0.5,0.5,standard_accuracy,91.73828125,1.0739227811970273,92.1875,89.84375,91.2109375,90.4296875,92.1875,93.1640625,92.7734375,91.40625,92.7734375,91.40625,实测,SRC271,seed42:35; seed43:90; seed44:145; seed45:200; seed46:255; seed47:310; seed48:365; seed49:420; seed50:475; seed51:530
adv_pur_ce_weight,adv_pur_ce_weight,trp_caf,30,1.0,1.0,standard_accuracy,91.71875,1.0546071214227388,92.1875,89.84375,91.2109375,90.4296875,92.1875,93.1640625,92.578125,91.40625,92.7734375,91.40625,默认实验复用（1×）,SRC271,seed42:11; seed43:66; seed44:121; seed45:176; seed46:231; seed47:282; seed48:337; seed49:392; seed50:447; seed51:502
adv_pur_ce_weight,adv_pur_ce_weight,trp_caf,30,2.0,2.0,standard_accuracy,91.73828125,1.08569860231932,92.1875,89.84375,91.2109375,90.4296875,92.1875,93.359375,92.578125,91.40625,92.7734375,91.40625,实测,SRC271,seed42:38; seed43:93; seed44:148; seed45:203; seed46:258; seed47:313; seed48:368; seed49:423; seed50:478; seed51:533
adv_pur_ce_weight,adv_pur_ce_weight,caf,0,0.0,0.0,robust_accuracy,78.73046875,1.6378583236158881,78.3203125,80.6640625,76.5625,76.953125,78.125,77.734375,79.8828125,77.734375,81.4453125,79.8828125,实测,SRC271,seed42:30; seed43:85; seed44:140; seed45:195; seed46:250; seed47:305; seed48:360; seed49:415; seed50:470; seed51:525
adv_pur_ce_weight,adv_pur_ce_weight,caf,0,0.5,0.5,robust_accuracy,78.65234375,1.8019864271271155,78.3203125,80.859375,76.171875,76.5625,77.9296875,77.734375,79.8828125,77.734375,81.640625,79.6875,实测,SRC271,seed42:33; seed43:88; seed44:143; seed45:198; seed46:253; seed47:308; seed48:363; seed49:418; seed50:473; seed51:528
adv_pur_ce_weight,adv_pur_ce_weight,caf,0,1.0,1.0,robust_accuracy,78.6328125,1.747413297851125,78.3203125,80.6640625,76.171875,76.171875,78.125,78.125,79.6875,77.9296875,81.4453125,79.6875,默认实验复用（1×）,SRC271,seed42:9; seed43:64; seed44:119; seed45:174; seed46:229; seed47:280; seed48:335; seed49:390; seed50:445; seed51:500
adv_pur_ce_weight,adv_pur_ce_weight,caf,0,2.0,2.0,robust_accuracy,78.59375,1.7155905304167296,78.3203125,80.6640625,76.171875,75.9765625,78.125,78.515625,79.296875,77.9296875,81.25,79.6875,实测,SRC271,seed42:36; seed43:91; seed44:146; seed45:201; seed46:256; seed47:311; seed48:366; seed49:421; seed50:476; seed51:531
adv_pur_ce_weight,adv_pur_ce_weight,trp_caf,25,0.0,0.0,robust_accuracy,81.40625,1.416819844659942,82.8125,82.421875,80.46875,79.296875,82.2265625,82.8125,82.421875,79.1015625,80.6640625,81.8359375,实测,SRC271,seed42:31; seed43:86; seed44:141; seed45:196; seed46:251; seed47:306; seed48:361; seed49:416; seed50:471; seed51:526
adv_pur_ce_weight,adv_pur_ce_weight,trp_caf,25,0.5,0.5,robust_accuracy,81.54296875,1.2188571111229853,81.640625,82.2265625,80.2734375,79.6875,81.640625,83.3984375,83.203125,80.2734375,81.4453125,81.640625,实测,SRC271,seed42:34; seed43:89; seed44:144; seed45:199; seed46:254; seed47:309; seed48:364; seed49:419; seed50:474; seed51:529
adv_pur_ce_weight,adv_pur_ce_weight,trp_caf,25,1.0,1.0,robust_accuracy,81.9140625,1.0424801511066717,83.203125,82.2265625,80.6640625,80.859375,82.8125,83.203125,82.2265625,80.2734375,82.03125,81.640625,默认实验复用（1×）,SRC271,seed42:10; seed43:65; seed44:120; seed45:175; seed46:230; seed47:281; seed48:336; seed49:391; seed50:446; seed51:501
adv_pur_ce_weight,adv_pur_ce_weight,trp_caf,25,2.0,2.0,robust_accuracy,81.26953125,1.6352684131980062,81.4453125,83.59375,79.1015625,79.8828125,81.0546875,83.3984375,82.6171875,78.90625,81.25,81.4453125,实测,SRC271,seed42:37; seed43:92; seed44:147; seed45:202; seed46:257; seed47:312; seed48:367; seed49:422; seed50:477; seed51:532
adv_pur_ce_weight,adv_pur_ce_weight,trp_caf,30,0.0,0.0,robust_accuracy,81.73828125,1.4061595746390088,83.7890625,82.03125,81.0546875,79.4921875,82.2265625,83.203125,82.8125,79.6875,81.25,81.8359375,实测,SRC271,seed42:32; seed43:87; seed44:142; seed45:197; seed46:252; seed47:307; seed48:362; seed49:417; seed50:472; seed51:527
adv_pur_ce_weight,adv_pur_ce_weight,trp_caf,30,0.5,0.5,robust_accuracy,81.796875,1.501071123641104,83.203125,83.203125,79.8828125,79.8828125,82.6171875,83.0078125,83.0078125,79.4921875,82.03125,81.640625,实测,SRC271,seed42:35; seed43:90; seed44:145; seed45:200; seed46:255; seed47:310; seed48:365; seed49:420; seed50:475; seed51:530
adv_pur_ce_weight,adv_pur_ce_weight,trp_caf,30,1.0,1.0,robust_accuracy,81.6796875,1.213804290252231,81.640625,82.6171875,80.46875,80.078125,82.2265625,83.203125,83.3984375,80.2734375,82.03125,80.859375,默认实验复用（1×）,SRC271,seed42:11; seed43:66; seed44:121; seed45:176; seed46:231; seed47:282; seed48:337; seed49:392; seed50:447; seed51:502
adv_pur_ce_weight,adv_pur_ce_weight,trp_caf,30,2.0,2.0,robust_accuracy,81.69921875,1.3087394974805433,82.8125,83.0078125,79.8828125,80.6640625,81.640625,83.0078125,83.203125,79.6875,81.640625,81.4453125,实测,SRC271,seed42:38; seed43:93; seed44:148; seed45:203; seed46:258; seed47:313; seed48:368; seed49:423; seed50:478; seed51:533
lambda_pur,lambda_pur,caf,0,0.0,0.0,standard_accuracy,93.49609375,0.8688418747631895,94.7265625,92.3828125,92.7734375,92.3828125,93.75,94.140625,94.3359375,93.1640625,94.3359375,92.96875,实测,SRC271,seed42:39; seed43:94; seed44:149; seed45:204; seed46:259; seed47:314; seed48:369; seed49:424; seed50:479; seed51:534
lambda_pur,lambda_pur,caf,0,0.5,0.1,standard_accuracy,93.4765625,0.8983431411802261,94.7265625,92.1875,92.7734375,92.3828125,93.75,94.140625,94.3359375,93.1640625,94.3359375,92.96875,实测,SRC271,seed42:42; seed43:97; seed44:152; seed45:207; seed46:262; seed47:317; seed48:372; seed49:427; seed50:482; seed51:537
lambda_pur,lambda_pur,caf,0,1.0,0.2,standard_accuracy,93.4765625,0.8646852977022912,94.7265625,92.1875,92.96875,92.3828125,93.75,94.140625,94.140625,93.1640625,94.3359375,92.96875,默认实验复用（1×）,SRC271,seed42:9; seed43:64; seed44:119; seed45:174; seed46:229; seed47:280; seed48:335; seed49:390; seed50:445; seed51:500
lambda_pur,lambda_pur,caf,0,2.0,0.4,standard_accuracy,93.57421875,0.8206741101123396,94.7265625,92.578125,93.1640625,92.3828125,93.9453125,94.3359375,94.140625,93.1640625,94.3359375,92.96875,实测,SRC271,seed42:45; seed43:100; seed44:155; seed45:210; seed46:265; seed47:320; seed48:375; seed49:430; seed50:485; seed51:540
lambda_pur,lambda_pur,trp_caf,25,0.0,0.0,standard_accuracy,90.8984375,1.0177928253053543,91.015625,89.453125,90.625,89.2578125,91.6015625,92.7734375,91.40625,90.625,91.2109375,91.015625,实测,SRC271,seed42:40; seed43:95; seed44:150; seed45:205; seed46:260; seed47:315; seed48:370; seed49:425; seed50:480; seed51:535
lambda_pur,lambda_pur,trp_caf,25,0.5,0.1,standard_accuracy,90.87890625,1.025468127031402,91.015625,89.453125,90.4296875,89.2578125,91.6015625,92.7734375,91.40625,90.625,91.2109375,91.015625,实测,SRC271,seed42:43; seed43:98; seed44:153; seed45:208; seed46:263; seed47:318; seed48:373; seed49:428; seed50:483; seed51:538
lambda_pur,lambda_pur,trp_caf,25,1.0,0.2,standard_accuracy,90.859375,1.0570158199272086,91.015625,89.2578125,90.4296875,89.2578125,91.6015625,92.7734375,91.40625,90.625,91.2109375,91.015625,默认实验复用（1×）,SRC271,seed42:10; seed43:65; seed44:120; seed45:175; seed46:230; seed47:281; seed48:336; seed49:391; seed50:446; seed51:501
lambda_pur,lambda_pur,trp_caf,25,2.0,0.4,standard_accuracy,90.8984375,1.0546071214227388,91.2109375,89.2578125,90.625,89.2578125,91.6015625,92.7734375,91.40625,90.625,91.2109375,91.015625,实测,SRC271,seed42:46; seed43:101; seed44:156; seed45:211; seed46:266; seed47:321; seed48:376; seed49:431; seed50:486; seed51:541
lambda_pur,lambda_pur,trp_caf,30,0.0,0.0,standard_accuracy,91.71875,1.124626191754645,92.1875,89.6484375,91.2109375,90.4296875,92.1875,93.359375,92.578125,91.40625,92.7734375,91.40625,实测,SRC271,seed42:41; seed43:96; seed44:151; seed45:206; seed46:261; seed47:316; seed48:371; seed49:426; seed50:481; seed51:536
lambda_pur,lambda_pur,trp_caf,30,0.5,0.1,standard_accuracy,91.71875,1.0546071214227388,92.1875,89.84375,91.2109375,90.4296875,92.1875,93.1640625,92.578125,91.40625,92.7734375,91.40625,实测,SRC271,seed42:44; seed43:99; seed44:154; seed45:209; seed46:264; seed47:319; seed48:374; seed49:429; seed50:484; seed51:539
lambda_pur,lambda_pur,trp_caf,30,1.0,0.2,standard_accuracy,91.71875,1.0546071214227388,92.1875,89.84375,91.2109375,90.4296875,92.1875,93.1640625,92.578125,91.40625,92.7734375,91.40625,默认实验复用（1×）,SRC271,seed42:11; seed43:66; seed44:121; seed45:176; seed46:231; seed47:282; seed48:337; seed49:392; seed50:447; seed51:502
lambda_pur,lambda_pur,trp_caf,30,2.0,0.4,standard_accuracy,91.73828125,1.0739227811970273,92.1875,89.84375,91.2109375,90.4296875,92.1875,93.1640625,92.7734375,91.40625,92.7734375,91.40625,实测,SRC271,seed42:47; seed43:102; seed44:157; seed45:212; seed46:267; seed47:322; seed48:377; seed49:432; seed50:487; seed51:542
lambda_pur,lambda_pur,caf,0,0.0,0.0,robust_accuracy,78.59375,1.7715033965121734,78.3203125,80.6640625,76.171875,75.9765625,78.125,78.3203125,79.4921875,77.734375,81.4453125,79.6875,实测,SRC271,seed42:39; seed43:94; seed44:149; seed45:204; seed46:259; seed47:314; seed48:369; seed49:424; seed50:479; seed51:534
lambda_pur,lambda_pur,caf,0,0.5,0.1,robust_accuracy,78.6328125,1.7762822112275998,78.3203125,80.6640625,76.171875,75.9765625,78.125,78.3203125,79.4921875,77.9296875,81.4453125,79.8828125,实测,SRC271,seed42:42; seed43:97; seed44:152; seed45:207; seed46:262; seed47:317; seed48:372; seed49:427; seed50:482; seed51:537
lambda_pur,lambda_pur,caf,0,1.0,0.2,robust_accuracy,78.6328125,1.747413297851125,78.3203125,80.6640625,76.171875,76.171875,78.125,78.125,79.6875,77.9296875,81.4453125,79.6875,默认实验复用（1×）,SRC271,seed42:9; seed43:64; seed44:119; seed45:174; seed46:229; seed47:280; seed48:335; seed49:390; seed50:445; seed51:500
lambda_pur,lambda_pur,caf,0,2.0,0.4,robust_accuracy,78.61328125,1.7620271618130674,78.3203125,80.6640625,75.9765625,76.5625,77.9296875,77.9296875,79.8828125,77.734375,81.4453125,79.6875,实测,SRC271,seed42:45; seed43:100; seed44:155; seed45:210; seed46:265; seed47:320; seed48:375; seed49:430; seed50:485; seed51:540
lambda_pur,lambda_pur,trp_caf,25,0.0,0.0,robust_accuracy,81.42578125,1.280584229547988,80.6640625,82.2265625,80.46875,80.6640625,81.0546875,83.7890625,83.3984375,80.078125,80.6640625,81.25,实测,SRC271,seed42:40; seed43:95; seed44:150; seed45:205; seed46:260; seed47:315; seed48:370; seed49:425; seed50:480; seed51:535
lambda_pur,lambda_pur,trp_caf,25,0.5,0.1,robust_accuracy,81.34765625,1.113452563573377,82.03125,82.03125,80.46875,79.6875,81.0546875,83.3984375,82.421875,80.6640625,81.25,80.46875,实测,SRC271,seed42:43; seed43:98; seed44:153; seed45:208; seed46:263; seed47:318; seed48:373; seed49:428; seed50:483; seed51:538
lambda_pur,lambda_pur,trp_caf,25,1.0,0.2,robust_accuracy,81.9140625,1.0424801511066717,83.203125,82.2265625,80.6640625,80.859375,82.8125,83.203125,82.2265625,80.2734375,82.03125,81.640625,默认实验复用（1×）,SRC271,seed42:10; seed43:65; seed44:120; seed45:175; seed46:230; seed47:281; seed48:336; seed49:391; seed50:446; seed51:501
lambda_pur,lambda_pur,trp_caf,25,2.0,0.4,robust_accuracy,81.5234375,1.2152002703458435,81.640625,81.8359375,80.859375,79.6875,81.640625,83.984375,82.6171875,80.2734375,81.8359375,80.859375,实测,SRC271,seed42:46; seed43:101; seed44:156; seed45:211; seed46:266; seed47:321; seed48:376; seed49:431; seed50:486; seed51:541
lambda_pur,lambda_pur,trp_caf,30,0.0,0.0,robust_accuracy,81.6796875,1.416819844659942,82.8125,83.3984375,80.46875,80.078125,81.8359375,83.0078125,82.6171875,79.4921875,82.6171875,80.46875,实测,SRC271,seed42:41; seed43:96; seed44:151; seed45:206; seed46:261; seed47:316; seed48:371; seed49:426; seed50:481; seed51:536
lambda_pur,lambda_pur,trp_caf,30,0.5,0.1,robust_accuracy,81.71875,1.532923192995983,83.3984375,82.8125,79.8828125,79.6875,81.8359375,83.203125,83.59375,80.078125,82.03125,80.6640625,实测,SRC271,seed42:44; seed43:99; seed44:154; seed45:209; seed46:264; seed47:319; seed48:374; seed49:429; seed50:484; seed51:539
lambda_pur,lambda_pur,trp_caf,30,1.0,0.2,robust_accuracy,81.6796875,1.213804290252231,81.640625,82.6171875,80.46875,80.078125,82.2265625,83.203125,83.3984375,80.2734375,82.03125,80.859375,默认实验复用（1×）,SRC271,seed42:11; seed43:66; seed44:121; seed45:176; seed46:231; seed47:282; seed48:337; seed49:392; seed50:447; seed51:502
lambda_pur,lambda_pur,trp_caf,30,2.0,0.4,robust_accuracy,81.4453125,1.1682525029248934,82.421875,82.421875,80.6640625,80.2734375,81.25,81.8359375,83.203125,79.296875,82.03125,81.0546875,实测,SRC271,seed42:47; seed43:102; seed44:157; seed45:212; seed46:267; seed47:322; seed48:377; seed49:432; seed50:487; seed51:542
lambda_adv_pur,lambda_adv_pur,caf,0,0.0,0.0,standard_accuracy,93.4375,0.8792678654236528,94.7265625,92.578125,92.7734375,92.1875,93.75,94.3359375,94.140625,92.96875,94.140625,92.7734375,实测,SRC271,seed42:48; seed43:103; seed44:158; seed45:213; seed46:268; seed47:323; seed48:378; seed49:433; seed50:488; seed51:543
lambda_adv_pur,lambda_adv_pur,caf,0,0.5,0.25,standard_accuracy,93.49609375,0.8688418747631895,94.7265625,92.3828125,92.7734375,92.3828125,93.75,94.3359375,94.140625,93.1640625,94.3359375,92.96875,实测,SRC271,seed42:51; seed43:106; seed44:161; seed45:216; seed46:271; seed47:326; seed48:381; seed49:436; seed50:491; seed51:546
lambda_adv_pur,lambda_adv_pur,caf,0,1.0,0.5,standard_accuracy,93.4765625,0.8646852977022912,94.7265625,92.1875,92.96875,92.3828125,93.75,94.140625,94.140625,93.1640625,94.3359375,92.96875,默认实验复用（1×）,SRC271,seed42:9; seed43:64; seed44:119; seed45:174; seed46:229; seed47:280; seed48:335; seed49:390; seed50:445; seed51:500
lambda_adv_pur,lambda_adv_pur,caf,0,2.0,1.0,standard_accuracy,93.5546875,0.7866566389058967,94.7265625,92.578125,93.1640625,92.578125,93.9453125,94.140625,94.140625,92.96875,94.3359375,92.96875,实测,SRC271,seed42:54; seed43:109; seed44:164; seed45:219; seed46:274; seed47:329; seed48:384; seed49:439; seed50:494; seed51:549
lambda_adv_pur,lambda_adv_pur,trp_caf,25,0.0,0.0,standard_accuracy,90.78125,1.0886226544832542,91.015625,89.2578125,90.4296875,89.0625,91.6015625,92.7734375,91.40625,90.4296875,91.015625,90.8203125,实测,SRC271,seed42:49; seed43:104; seed44:159; seed45:214; seed46:269; seed47:324; seed48:379; seed49:434; seed50:489; seed51:544
lambda_adv_pur,lambda_adv_pur,trp_caf,25,0.5,0.25,standard_accuracy,90.83984375,1.091150494719558,91.015625,89.0625,90.4296875,89.2578125,91.6015625,92.7734375,91.40625,90.625,91.2109375,91.015625,实测,SRC271,seed42:52; seed43:107; seed44:162; seed45:217; seed46:272; seed47:327; seed48:382; seed49:437; seed50:492; seed51:547
lambda_adv_pur,lambda_adv_pur,trp_caf,25,1.0,0.5,standard_accuracy,90.859375,1.0570158199272086,91.015625,89.2578125,90.4296875,89.2578125,91.6015625,92.7734375,91.40625,90.625,91.2109375,91.015625,默认实验复用（1×）,SRC271,seed42:10; seed43:65; seed44:120; seed45:175; seed46:230; seed47:281; seed48:336; seed49:391; seed50:446; seed51:501
lambda_adv_pur,lambda_adv_pur,trp_caf,25,2.0,1.0,standard_accuracy,90.9375,1.0546071214227388,91.2109375,89.2578125,90.625,89.2578125,91.6015625,92.7734375,91.40625,90.8203125,91.2109375,91.2109375,实测,SRC271,seed42:55; seed43:110; seed44:165; seed45:220; seed46:275; seed47:330; seed48:385; seed49:440; seed50:495; seed51:550
lambda_adv_pur,lambda_adv_pur,trp_caf,30,0.0,0.0,standard_accuracy,91.71875,1.094059975916667,91.9921875,89.6484375,91.6015625,90.4296875,92.3828125,93.1640625,92.578125,91.40625,92.7734375,91.2109375,实测,SRC271,seed42:50; seed43:105; seed44:160; seed45:215; seed46:270; seed47:325; seed48:380; seed49:435; seed50:490; seed51:545
lambda_adv_pur,lambda_adv_pur,trp_caf,30,0.5,0.25,standard_accuracy,91.69921875,1.0942536662741935,92.1875,89.6484375,91.2109375,90.4296875,92.1875,93.1640625,92.578125,91.40625,92.7734375,91.40625,实测,SRC271,seed42:53; seed43:108; seed44:163; seed45:218; seed46:273; seed47:328; seed48:383; seed49:438; seed50:493; seed51:548
lambda_adv_pur,lambda_adv_pur,trp_caf,30,1.0,0.5,standard_accuracy,91.71875,1.0546071214227388,92.1875,89.84375,91.2109375,90.4296875,92.1875,93.1640625,92.578125,91.40625,92.7734375,91.40625,默认实验复用（1×）,SRC271,seed42:11; seed43:66; seed44:121; seed45:176; seed46:231; seed47:282; seed48:337; seed49:392; seed50:447; seed51:502
lambda_adv_pur,lambda_adv_pur,trp_caf,30,2.0,1.0,standard_accuracy,91.81640625,1.098891992962084,92.3828125,90.0390625,91.2109375,90.4296875,92.1875,93.359375,92.96875,91.40625,92.7734375,91.40625,实测,SRC271,seed42:56; seed43:111; seed44:166; seed45:221; seed46:276; seed47:331; seed48:386; seed49:441; seed50:496; seed51:551
lambda_adv_pur,lambda_adv_pur,caf,0,0.0,0.0,robust_accuracy,78.515625,1.6623887154692323,77.9296875,80.46875,76.5625,75.9765625,77.9296875,78.3203125,79.296875,77.734375,81.25,79.6875,实测,SRC271,seed42:48; seed43:103; seed44:158; seed45:213; seed46:268; seed47:323; seed48:378; seed49:433; seed50:488; seed51:543
lambda_adv_pur,lambda_adv_pur,caf,0,0.5,0.25,robust_accuracy,78.61328125,1.6983330027012478,78.3203125,80.6640625,76.3671875,75.9765625,78.125,78.3203125,79.4921875,77.9296875,81.25,79.6875,实测,SRC271,seed42:51; seed43:106; seed44:161; seed45:216; seed46:271; seed47:326; seed48:381; seed49:436; seed50:491; seed51:546
lambda_adv_pur,lambda_adv_pur,caf,0,1.0,0.5,robust_accuracy,78.6328125,1.747413297851125,78.3203125,80.6640625,76.171875,76.171875,78.125,78.125,79.6875,77.9296875,81.4453125,79.6875,默认实验复用（1×）,SRC271,seed42:9; seed43:64; seed44:119; seed45:174; seed46:229; seed47:280; seed48:335; seed49:390; seed50:445; seed51:500
lambda_adv_pur,lambda_adv_pur,caf,0,2.0,1.0,robust_accuracy,78.6328125,1.6501048867125925,78.3203125,80.6640625,76.171875,76.7578125,77.9296875,78.125,79.4921875,77.734375,81.25,79.8828125,实测,SRC271,seed42:54; seed43:109; seed44:164; seed45:219; seed46:274; seed47:329; seed48:384; seed49:439; seed50:494; seed51:549
lambda_adv_pur,lambda_adv_pur,trp_caf,25,0.0,0.0,robust_accuracy,81.1328125,1.563042440564857,80.859375,83.0078125,80.078125,79.6875,81.25,82.8125,83.7890625,79.1015625,80.46875,80.2734375,实测,SRC271,seed42:49; seed43:104; seed44:159; seed45:214; seed46:269; seed47:324; seed48:379; seed49:434; seed50:489; seed51:544
lambda_adv_pur,lambda_adv_pur,trp_caf,25,0.5,0.25,robust_accuracy,81.5625,1.3189017981354791,81.640625,83.203125,80.6640625,79.6875,81.4453125,83.984375,82.421875,80.2734375,81.0546875,81.25,实测,SRC271,seed42:52; seed43:107; seed44:162; seed45:217; seed46:272; seed47:327; seed48:382; seed49:437; seed50:492; seed51:547
lambda_adv_pur,lambda_adv_pur,trp_caf,25,1.0,0.5,robust_accuracy,81.9140625,1.0424801511066717,83.203125,82.2265625,80.6640625,80.859375,82.8125,83.203125,82.2265625,80.2734375,82.03125,81.640625,默认实验复用（1×）,SRC271,seed42:10; seed43:65; seed44:120; seed45:175; seed46:230; seed47:281; seed48:336; seed49:391; seed50:446; seed51:501
lambda_adv_pur,lambda_adv_pur,trp_caf,25,2.0,1.0,robust_accuracy,81.484375,1.4493538655567062,81.8359375,82.03125,80.078125,79.296875,82.03125,83.984375,83.203125,80.078125,81.0546875,81.25,实测,SRC271,seed42:55; seed43:110; seed44:165; seed45:220; seed46:275; seed47:330; seed48:385; seed49:440; seed50:495; seed51:550
lambda_adv_pur,lambda_adv_pur,trp_caf,30,0.0,0.0,robust_accuracy,81.46484375,1.6963352569691106,83.0078125,82.6171875,80.2734375,79.4921875,81.640625,82.421875,83.984375,78.7109375,82.2265625,80.2734375,实测,SRC271,seed42:50; seed43:105; seed44:160; seed45:215; seed46:270; seed47:325; seed48:380; seed49:435; seed50:490; seed51:545
lambda_adv_pur,lambda_adv_pur,trp_caf,30,0.5,0.25,robust_accuracy,81.85546875,1.403746082922827,83.0078125,83.203125,81.0546875,79.4921875,81.640625,82.8125,83.59375,80.078125,82.6171875,81.0546875,实测,SRC271,seed42:53; seed43:108; seed44:163; seed45:218; seed46:273; seed47:328; seed48:383; seed49:438; seed50:493; seed51:548
lambda_adv_pur,lambda_adv_pur,trp_caf,30,1.0,0.5,robust_accuracy,81.6796875,1.213804290252231,81.640625,82.6171875,80.46875,80.078125,82.2265625,83.203125,83.3984375,80.2734375,82.03125,80.859375,默认实验复用（1×）,SRC271,seed42:11; seed43:66; seed44:121; seed45:176; seed46:231; seed47:282; seed48:337; seed49:392; seed50:447; seed51:502
lambda_adv_pur,lambda_adv_pur,trp_caf,30,2.0,1.0,robust_accuracy,81.640625,1.411424699783776,83.0078125,82.8125,80.2734375,80.2734375,81.4453125,82.421875,83.203125,78.90625,81.8359375,82.2265625,实测,SRC271,seed42:56; seed43:111; seed44:166; seed45:221; seed46:276; seed47:331; seed48:386; seed49:441; seed50:496; seed51:551
